,Unnamed: 0,model,scenario,variable,path,time_res
0,0.0,CLASSIC,S0,mrro,/Net/Groups/BGI/people/ecathain/TRENDY_Emulator_Scripts/NewModel/scripts/preprocessing/model_outputs/data/4.misc/CLASSIC_S0_mrro.nc,monthly
1,1.0,CLASSIC,S0,evapotrans,/Net/Groups/BGI/people/ecathain/TRENDY_Emulator_Scripts/NewModel/scripts/preprocessing/model_outputs/data/4.misc/CLASSIC_S0_evapotrans.nc,monthly
2,2.0,CLASSIC,S0,cVeg,/Net/Groups/BGI/people/ecathain/TRENDY_Emulator_Scripts/NewModel/scripts/preprocessing/model_outputs/data/4.misc/CLASSIC_S0_cVeg.nc,annual
3,3.0,CLASSIC,S0,lai,/Net/Groups/BGI/people/ecathain/TRENDY_Emulator_Scripts/NewModel/scripts/preprocessing/model_outputs/data/4.misc/CLASSIC_S0_lai.nc,monthly
4,4.0,CLASSIC,S0,nbp,/Net/Groups/BGI/people/ecathain/TRENDY_Emulator_Scripts/NewModel/scripts/preprocessing/model_outputs/data/4.misc/CLASSIC_S0_nbp.nc,monthly
5,5.0,CLASSIC,S0,ra,/Net/Groups/BGI/people/ecathain/TRENDY_Emulator_Scripts/NewModel/scripts/preprocessing/model_outputs/data/4.misc/CLASSIC_S0_ra.nc,monthly
6,6.0,CLASSIC,S0,gpp,/Net/Groups/BGI/people/ecathain/TRENDY_Emulator_Scripts/NewModel/scripts/preprocessing/model_outputs/data/4.misc/CLASSIC_S0_gpp.nc,monthly
7,7.0,CLASSIC,S0,cSoil,/Net/Groups/BGI/people/ecathain/TRENDY_Emulator_Scripts/NewModel/scripts/preprocessing/model_outputs/data/4.misc/CLASSIC_S0_cSoil.nc,annual
8,8.0,CLASSIC,S0,rh,/Net/Groups/BGI/people/ecathain/TRENDY_Emulator_Scripts/NewModel/scripts/preprocessing/model_outputs/data/4.misc/CLASSIC_S0_rh.nc,monthly
9,9.0,CLASSIC,S0,mrso,/Net/Groups/BGI/people/ecathain/TRENDY_Emulator_Scripts/NewModel/scripts/preprocessing/model_outputs/data/4.misc/CLASSIC_S0_mrso.nc,monthly
10,10.0,CLASSIC,S0,cLitter,/Net/Groups/BGI/people/ecathain/TRENDY_Emulator_Scripts/NewModel/scripts/preprocessing/model_outputs/data/4.misc/CLASSIC_S0_cLitter.nc,annual
11,12.0,CLASSIC,S0,fFire,/Net/Groups/BGI/people/ecathain/TRENDY_Emulator_Scripts/NewModel/scripts/preprocessing/model_outputs/data/4.misc/CLASSIC_S0_fFire.nc,monthly
12,13.0,CLASSIC,S0,npp,/Net/Groups/BGI/people/ecathain/TRENDY_Emulator_Scripts/NewModel/scripts/preprocessing/model_outputs/data/4.misc/CLASSIC_S0_npp.nc,monthly
13,14.0,CLASSIC,S1,mrro,/Net/Groups/BGI/people/ecathain/TRENDY_Emulator_Scripts/NewModel/scripts/preprocessing/model_outputs/data/4.misc/CLASSIC_S1_mrro.nc,monthly
14,15.0,CLASSIC,S1,evapotrans,/Net/Groups/BGI/people/ecathain/TRENDY_Emulator_Scripts/NewModel/scripts/preprocessing/model_outputs/data/4.misc/CLASSIC_S1_evapotrans.nc,monthly
15,16.0,CLASSIC,S1,cVeg,/Net/Groups/BGI/people/ecathain/TRENDY_Emulator_Scripts/NewModel/scripts/preprocessing/model_outputs/data/4.misc/CLASSIC_S1_cVeg.nc,annual
16,17.0,CLASSIC,S1,lai,/Net/Groups/BGI/people/ecathain/TRENDY_Emulator_Scripts/NewModel/scripts/preprocessing/model_outputs/data/4.misc/CLASSIC_S1_lai.nc,monthly
17,18.0,CLASSIC,S1,nbp,/Net/Groups/BGI/people/ecathain/TRENDY_Emulator_Scripts/NewModel/scripts/preprocessing/model_outputs/data/4.misc/CLASSIC_S1_nbp.nc,monthly
18,19.0,CLASSIC,S1,ra,/Net/Groups/BGI/people/ecathain/TRENDY_Emulator_Scripts/NewModel/scripts/preprocessing/model_outputs/data/4.misc/CLASSIC_S1_ra.nc,monthly
19,20.0,CLASSIC,S1,gpp,/Net/Groups/BGI/people/ecathain/TRENDY_Emulator_Scripts/NewModel/scripts/preprocessing/model_outputs/data/4.misc/CLASSIC_S1_gpp.nc,monthly
20,21.0,CLASSIC,S1,cSoil,/Net/Groups/BGI/people/ecathain/TRENDY_Emulator_Scripts/NewModel/scripts/preprocessing/model_outputs/data/4.misc/CLASSIC_S1_cSoil.nc,annual
21,22.0,CLASSIC,S1,rh,/Net/Groups/BGI/people/ecathain/TRENDY_Emulator_Scripts/NewModel/scripts/preprocessing/model_outputs/data/4.misc/CLASSIC_S1_rh.nc,monthly
22,23.0,CLASSIC,S1,mrso,/Net/Groups/BGI/people/ecathain/TRENDY_Emulator_Scripts/NewModel/scripts/preprocessing/model_outputs/data/4.misc/CLASSIC_S1_mrso.nc,monthly
23,24.0,CLASSIC,S1,cLitter,/Net/Groups/BGI/people/ecathain/TRENDY_Emulator_Scripts/NewModel/scripts/preprocessing/model_outputs/data/4.misc/CLASSIC_S1_cLitter.nc,annual
24,26.0,CLASSIC,S1,fFire,/Net/Groups/BGI/people/ecathain/TRENDY_Emulator_Scripts/NewModel/scripts/preprocessing/model_outputs/data/4.misc/CLASSIC_S1_fFire.nc,monthly
25,27.0,CLASSIC,S1,npp,/Net/Groups/BGI/people/ecathain/TRENDY_Emulator_Scripts/NewModel/scripts/preprocessing/model_outputs/data/4.misc/CLASSIC_S1_npp.nc,monthly
26,28.0,CLASSIC,S2,mrro,/Net/Groups/BGI/people/ecathain/TRENDY_Emulator_Scripts/NewModel/scripts/preprocessing/model_outputs/data/4.misc/CLASSIC_S2_mrro.nc,monthly
27,29.0,CLASSIC,S2,evapotrans,/Net/Groups/BGI/people/ecathain/TRENDY_Emulator_Scripts/NewModel/scripts/preprocessing/model_outputs/data/4.misc/CLASSIC_S2_evapotrans.nc,monthly
28,30.0,CLASSIC,S2,cVeg,/Net/Groups/BGI/people/ecathain/TRENDY_Emulator_Scripts/NewModel/scripts/preprocessing/model_outputs/data/4.misc/CLASSIC_S2_cVeg.nc,annual
29,31.0,CLASSIC,S2,lai,/Net/Groups/BGI/people/ecathain/TRENDY_Emulator_Scripts/NewModel/scripts/preprocessing/model_outputs/data/4.misc/CLASSIC_S2_lai.nc,monthly
30,32.0,CLASSIC,S2,nbp,/Net/Groups/BGI/people/ecathain/TRENDY_Emulator_Scripts/NewModel/scripts/preprocessing/model_outputs/data/4.misc/CLASSIC_S2_nbp.nc,monthly
31,33.0,CLASSIC,S2,ra,/Net/Groups/BGI/people/ecathain/TRENDY_Emulator_Scripts/NewModel/scripts/preprocessing/model_outputs/data/4.misc/CLASSIC_S2_ra.nc,monthly
32,34.0,CLASSIC,S2,gpp,/Net/Groups/BGI/people/ecathain/TRENDY_Emulator_Scripts/NewModel/scripts/preprocessing/model_outputs/data/4.misc/CLASSIC_S2_gpp.nc,monthly
33,35.0,CLASSIC,S2,cSoil,/Net/Groups/BGI/people/ecathain/TRENDY_Emulator_Scripts/NewModel/scripts/preprocessing/model_outputs/data/4.misc/CLASSIC_S2_cSoil.nc,annual
34,36.0,CLASSIC,S2,rh,/Net/Groups/BGI/people/ecathain/TRENDY_Emulator_Scripts/NewModel/scripts/preprocessing/model_outputs/data/4.misc/CLASSIC_S2_rh.nc,monthly
35,37.0,CLASSIC,S2,mrso,/Net/Groups/BGI/people/ecathain/TRENDY_Emulator_Scripts/NewModel/scripts/preprocessing/model_outputs/data/4.misc/CLASSIC_S2_mrso.nc,monthly
36,38.0,CLASSIC,S2,cLitter,/Net/Groups/BGI/people/ecathain/TRENDY_Emulator_Scripts/NewModel/scripts/preprocessing/model_outputs/data/4.misc/CLASSIC_S2_cLitter.nc,annual
37,40.0,CLASSIC,S2,fFire,/Net/Groups/BGI/people/ecathain/TRENDY_Emulator_Scripts/NewModel/scripts/preprocessing/model_outputs/data/4.misc/CLASSIC_S2_fFire.nc,monthly
38,41.0,CLASSIC,S2,npp,/Net/Groups/BGI/people/ecathain/TRENDY_Emulator_Scripts/NewModel/scripts/preprocessing/model_outputs/data/4.misc/CLASSIC_S2_npp.nc,monthly
39,42.0,CLASSIC,S3,mrro,/Net/Groups/BGI/people/ecathain/TRENDY_Emulator_Scripts/NewModel/scripts/preprocessing/model_outputs/data/4.misc/CLASSIC_S3_mrro.nc,monthly
40,43.0,CLASSIC,S3,evapotrans,/Net/Groups/BGI/people/ecathain/TRENDY_Emulator_Scripts/NewModel/scripts/preprocessing/model_outputs/data/4.misc/CLASSIC_S3_evapotrans.nc,monthly
41,44.0,CLASSIC,S3,cVeg,/Net/Groups/BGI/people/ecathain/TRENDY_Emulator_Scripts/NewModel/scripts/preprocessing/model_outputs/data/4.misc/CLASSIC_S3_cVeg.nc,annual
42,45.0,CLASSIC,S3,lai,/Net/Groups/BGI/people/ecathain/TRENDY_Emulator_Scripts/NewModel/scripts/preprocessing/model_outputs/data/4.misc/CLASSIC_S3_lai.nc,monthly
43,46.0,CLASSIC,S3,nbp,/Net/Groups/BGI/people/ecathain/TRENDY_Emulator_Scripts/NewModel/scripts/preprocessing/model_outputs/data/4.misc/CLASSIC_S3_nbp.nc,monthly
44,47.0,CLASSIC,S3,ra,/Net/Groups/BGI/people/ecathain/TRENDY_Emulator_Scripts/NewModel/scripts/preprocessing/model_outputs/data/4.misc/CLASSIC_S3_ra.nc,monthly
45,48.0,CLASSIC,S3,gpp,/Net/Groups/BGI/people/ecathain/TRENDY_Emulator_Scripts/NewModel/scripts/preprocessing/model_outputs/data/4.misc/CLASSIC_S3_gpp.nc,monthly
46,49.0,CLASSIC,S3,cSoil,/Net/Groups/BGI/people/ecathain/TRENDY_Emulator_Scripts/NewModel/scripts/preprocessing/model_outputs/data/4.misc/CLASSIC_S3_cSoil.nc,annual
47,50.0,CLASSIC,S3,rh,/Net/Groups/BGI/people/ecathain/TRENDY_Emulator_Scripts/NewModel/scripts/preprocessing/model_outputs/data/4.misc/CLASSIC_S3_rh.nc,monthly
48,51.0,CLASSIC,S3,mrso,/Net/Groups/BGI/people/ecathain/TRENDY_Emulator_Scripts/NewModel/scripts/preprocessing/model_outputs/data/4.misc/CLASSIC_S3_mrso.nc,monthly
49,52.0,CLASSIC,S3,cLitter,/Net/Groups/BGI/people/ecathain/TRENDY_Emulator_Scripts/NewModel/scripts/preprocessing/model_outputs/data/4.misc/CLASSIC_S3_cLitter.nc,annual
50,53.0,CLASSIC,S3,fLuc,/Net/Groups/BGI/people/ecathain/TRENDY_Emulator_Scripts/NewModel/scripts/preprocessing/model_outputs/data/4.misc/CLASSIC_S3_fLuc.nc,monthly
51,54.0,CLASSIC,S3,fFire,/Net/Groups/BGI/people/ecathain/TRENDY_Emulator_Scripts/NewModel/scripts/preprocessing/model_outputs/data/4.misc/CLASSIC_S3_fFire.nc,monthly
52,55.0,CLASSIC,S3,npp,/Net/Groups/BGI/people/ecathain/TRENDY_Emulator_Scripts/NewModel/scripts/preprocessing/model_outputs/data/4.misc/CLASSIC_S3_npp.nc,monthly
53,56.0,CLM5.0,S0,mrro,/Net/Groups/BGI/people/ecathain/TRENDY_Emulator_Scripts/NewModel/scripts/preprocessing/model_outputs/data/4.misc/CLM5.0_S0_mrro.nc,monthly
54,57.0,CLM5.0,S0,evapotrans,/Net/Groups/BGI/people/ecathain/TRENDY_Emulator_Scripts/NewModel/scripts/preprocessing/model_outputs/data/4.misc/CLM5.0_S0_evapotrans.nc,monthly
55,58.0,CLM5.0,S0,cVeg,/Net/Groups/BGI/people/ecathain/TRENDY_Emulator_Scripts/NewModel/scripts/preprocessing/model_outputs/data/4.misc/CLM5.0_S0_cVeg.nc,annual
56,59.0,CLM5.0,S0,lai,/Net/Groups/BGI/people/ecathain/TRENDY_Emulator_Scripts/NewModel/scripts/preprocessing/model_outputs/data/4.misc/CLM5.0_S0_lai.nc,monthly
57,60.0,CLM5.0,S0,nbp,/Net/Groups/BGI/people/ecathain/TRENDY_Emulator_Scripts/NewModel/scripts/preprocessing/model_outputs/data/4.misc/CLM5.0_S0_nbp.nc,monthly
58,61.0,CLM5.0,S0,ra,/Net/Groups/BGI/people/ecathain/TRENDY_Emulator_Scripts/NewModel/scripts/preprocessing/model_outputs/data/4.misc/CLM5.0_S0_ra.nc,monthly
59,62.0,CLM5.0,S0,gpp,/Net/Groups/BGI/people/ecathain/TRENDY_Emulator_Scripts/NewModel/scripts/preprocessing/model_outputs/data/4.misc/CLM5.0_S0_gpp.nc,monthly
60,63.0,CLM5.0,S0,cSoil,/Net/Groups/BGI/people/ecathain/TRENDY_Emulator_Scripts/NewModel/scripts/preprocessing/model_outputs/data/4.misc/CLM5.0_S0_cSoil.nc,annual
61,64.0,CLM5.0,S0,rh,/Net/Groups/BGI/people/ecathain/TRENDY_Emulator_Scripts/NewModel/scripts/preprocessing/model_outputs/data/4.misc/CLM5.0_S0_rh.nc,monthly
62,65.0,CLM5.0,S0,mrso,/Net/Groups/BGI/people/ecathain/TRENDY_Emulator_Scripts/NewModel/scripts/preprocessing/model_outputs/data/4.misc/CLM5.0_S0_mrso.nc,monthly
63,66.0,CLM5.0,S0,cLitter,/Net/Groups/BGI/people/ecathain/TRENDY_Emulator_Scripts/NewModel/scripts/preprocessing/model_outputs/data/4.misc/CLM5.0_S0_cLitter.nc,annual
64,67.0,CLM5.0,S0,fLuc,/Net/Groups/BGI/people/ecathain/TRENDY_Emulator_Scripts/NewModel/scripts/preprocessing/model_outputs/data/4.misc/CLM5.0_S0_fLuc.nc,monthly
65,68.0,CLM5.0,S0,fFire,/Net/Groups/BGI/people/ecathain/TRENDY_Emulator_Scripts/NewModel/scripts/preprocessing/model_outputs/data/4.misc/CLM5.0_S0_fFire.nc,monthly
66,69.0,CLM5.0,S0,npp,/Net/Groups/BGI/people/ecathain/TRENDY_Emulator_Scripts/NewModel/scripts/preprocessing/model_outputs/data/4.misc/CLM5.0_S0_npp.nc,monthly
67,70.0,CLM5.0,S1,mrro,/Net/Groups/BGI/people/ecathain/TRENDY_Emulator_Scripts/NewModel/scripts/preprocessing/model_outputs/data/4.misc/CLM5.0_S1_mrro.nc,monthly
68,71.0,CLM5.0,S1,evapotrans,/Net/Groups/BGI/people/ecathain/TRENDY_Emulator_Scripts/NewModel/scripts/preprocessing/model_outputs/data/4.misc/CLM5.0_S1_evapotrans.nc,monthly
69,72.0,CLM5.0,S1,cVeg,/Net/Groups/BGI/people/ecathain/TRENDY_Emulator_Scripts/NewModel/scripts/preprocessing/model_outputs/data/4.misc/CLM5.0_S1_cVeg.nc,annual
70,73.0,CLM5.0,S1,lai,/Net/Groups/BGI/people/ecathain/TRENDY_Emulator_Scripts/NewModel/scripts/preprocessing/model_outputs/data/4.misc/CLM5.0_S1_lai.nc,monthly
71,74.0,CLM5.0,S1,nbp,/Net/Groups/BGI/people/ecathain/TRENDY_Emulator_Scripts/NewModel/scripts/preprocessing/model_outputs/data/4.misc/CLM5.0_S1_nbp.nc,monthly
72,75.0,CLM5.0,S1,ra,/Net/Groups/BGI/people/ecathain/TRENDY_Emulator_Scripts/NewModel/scripts/preprocessing/model_outputs/data/4.misc/CLM5.0_S1_ra.nc,monthly
73,76.0,CLM5.0,S1,gpp,/Net/Groups/BGI/people/ecathain/TRENDY_Emulator_Scripts/NewModel/scripts/preprocessing/model_outputs/data/4.misc/CLM5.0_S1_gpp.nc,monthly
74,77.0,CLM5.0,S1,cSoil,/Net/Groups/BGI/people/ecathain/TRENDY_Emulator_Scripts/NewModel/scripts/preprocessing/model_outputs/data/4.misc/CLM5.0_S1_cSoil.nc,annual
75,78.0,CLM5.0,S1,rh,/Net/Groups/BGI/people/ecathain/TRENDY_Emulator_Scripts/NewModel/scripts/preprocessing/model_outputs/data/4.misc/CLM5.0_S1_rh.nc,monthly
76,79.0,CLM5.0,S1,mrso,/Net/Groups/BGI/people/ecathain/TRENDY_Emulator_Scripts/NewModel/scripts/preprocessing/model_outputs/data/4.misc/CLM5.0_S1_mrso.nc,monthly
77,80.0,CLM5.0,S1,cLitter,/Net/Groups/BGI/people/ecathain/TRENDY_Emulator_Scripts/NewModel/scripts/preprocessing/model_outputs/data/4.misc/CLM5.0_S1_cLitter.nc,annual
78,81.0,CLM5.0,S1,fLuc,/Net/Groups/BGI/people/ecathain/TRENDY_Emulator_Scripts/NewModel/scripts/preprocessing/model_outputs/data/4.misc/CLM5.0_S1_fLuc.nc,monthly
79,82.0,CLM5.0,S1,fFire,/Net/Groups/BGI/people/ecathain/TRENDY_Emulator_Scripts/NewModel/scripts/preprocessing/model_outputs/data/4.misc/CLM5.0_S1_fFire.nc,monthly
80,83.0,CLM5.0,S1,npp,/Net/Groups/BGI/people/ecathain/TRENDY_Emulator_Scripts/NewModel/scripts/preprocessing/model_outputs/data/4.misc/CLM5.0_S1_npp.nc,monthly
81,84.0,CLM5.0,S2,mrro,/Net/Groups/BGI/people/ecathain/TRENDY_Emulator_Scripts/NewModel/scripts/preprocessing/model_outputs/data/4.misc/CLM5.0_S2_mrro.nc,monthly
82,85.0,CLM5.0,S2,evapotrans,/Net/Groups/BGI/people/ecathain/TRENDY_Emulator_Scripts/NewModel/scripts/preprocessing/model_outputs/data/4.misc/CLM5.0_S2_evapotrans.nc,monthly
83,86.0,CLM5.0,S2,cVeg,/Net/Groups/BGI/people/ecathain/TRENDY_Emulator_Scripts/NewModel/scripts/preprocessing/model_outputs/data/4.misc/CLM5.0_S2_cVeg.nc,annual
84,87.0,CLM5.0,S2,lai,/Net/Groups/BGI/people/ecathain/TRENDY_Emulator_Scripts/NewModel/scripts/preprocessing/model_outputs/data/4.misc/CLM5.0_S2_lai.nc,monthly
85,88.0,CLM5.0,S2,nbp,/Net/Groups/BGI/people/ecathain/TRENDY_Emulator_Scripts/NewModel/scripts/preprocessing/model_outputs/data/4.misc/CLM5.0_S2_nbp.nc,monthly
86,89.0,CLM5.0,S2,ra,/Net/Groups/BGI/people/ecathain/TRENDY_Emulator_Scripts/NewModel/scripts/preprocessing/model_outputs/data/4.misc/CLM5.0_S2_ra.nc,monthly
87,90.0,CLM5.0,S2,gpp,/Net/Groups/BGI/people/ecathain/TRENDY_Emulator_Scripts/NewModel/scripts/preprocessing/model_outputs/data/4.misc/CLM5.0_S2_gpp.nc,monthly
88,91.0,CLM5.0,S2,cSoil,/Net/Groups/BGI/people/ecathain/TRENDY_Emulator_Scripts/NewModel/scripts/preprocessing/model_outputs/data/4.misc/CLM5.0_S2_cSoil.nc,annual
89,92.0,CLM5.0,S2,rh,/Net/Groups/BGI/people/ecathain/TRENDY_Emulator_Scripts/NewModel/scripts/preprocessing/model_outputs/data/4.misc/CLM5.0_S2_rh.nc,monthly
90,93.0,CLM5.0,S2,mrso,/Net/Groups/BGI/people/ecathain/TRENDY_Emulator_Scripts/NewModel/scripts/preprocessing/model_outputs/data/4.misc/CLM5.0_S2_mrso.nc,monthly
91,94.0,CLM5.0,S2,cLitter,/Net/Groups/BGI/people/ecathain/TRENDY_Emulator_Scripts/NewModel/scripts/preprocessing/model_outputs/data/4.misc/CLM5.0_S2_cLitter.nc,annual
92,95.0,CLM5.0,S2,fLuc,/Net/Groups/BGI/people/ecathain/TRENDY_Emulator_Scripts/NewModel/scripts/preprocessing/model_outputs/data/4.misc/CLM5.0_S2_fLuc.nc,monthly
93,96.0,CLM5.0,S2,fFire,/Net/Groups/BGI/people/ecathain/TRENDY_Emulator_Scripts/NewModel/scripts/preprocessing/model_outputs/data/4.misc/CLM5.0_S2_fFire.nc,monthly
94,97.0,CLM5.0,S2,npp,/Net/Groups/BGI/people/ecathain/TRENDY_Emulator_Scripts/NewModel/scripts/preprocessing/model_outputs/data/4.misc/CLM5.0_S2_npp.nc,monthly
95,98.0,CLM5.0,S3,mrro,/Net/Groups/BGI/people/ecathain/TRENDY_Emulator_Scripts/NewModel/scripts/preprocessing/model_outputs/data/4.misc/CLM5.0_S3_mrro.nc,monthly
96,99.0,CLM5.0,S3,evapotrans,/Net/Groups/BGI/people/ecathain/TRENDY_Emulator_Scripts/NewModel/scripts/preprocessing/model_outputs/data/4.misc/CLM5.0_S3_evapotrans.nc,monthly
97,100.0,CLM5.0,S3,cVeg,/Net/Groups/BGI/people/ecathain/TRENDY_Emulator_Scripts/NewModel/scripts/preprocessing/model_outputs/data/4.misc/CLM5.0_S3_cVeg.nc,annual
98,101.0,CLM5.0,S3,lai,/Net/Groups/BGI/people/ecathain/TRENDY_Emulator_Scripts/NewModel/scripts/preprocessing/model_outputs/data/4.misc/CLM5.0_S3_lai.nc,monthly
99,102.0,CLM5.0,S3,nbp,/Net/Groups/BGI/people/ecathain/TRENDY_Emulator_Scripts/NewModel/scripts/preprocessing/model_outputs/data/4.misc/CLM5.0_S3_nbp.nc,monthly
100,103.0,CLM5.0,S3,ra,/Net/Groups/BGI/people/ecathain/TRENDY_Emulator_Scripts/NewModel/scripts/preprocessing/model_outputs/data/4.misc/CLM5.0_S3_ra.nc,monthly
101,104.0,CLM5.0,S3,gpp,/Net/Groups/BGI/people/ecathain/TRENDY_Emulator_Scripts/NewModel/scripts/preprocessing/model_outputs/data/4.misc/CLM5.0_S3_gpp.nc,monthly
102,105.0,CLM5.0,S3,cSoil,/Net/Groups/BGI/people/ecathain/TRENDY_Emulator_Scripts/NewModel/scripts/preprocessing/model_outputs/data/4.misc/CLM5.0_S3_cSoil.nc,annual
103,106.0,CLM5.0,S3,rh,/Net/Groups/BGI/people/ecathain/TRENDY_Emulator_Scripts/NewModel/scripts/preprocessing/model_outputs/data/4.misc/CLM5.0_S3_rh.nc,monthly
104,107.0,CLM5.0,S3,mrso,/Net/Groups/BGI/people/ecathain/TRENDY_Emulator_Scripts/NewModel/scripts/preprocessing/model_outputs/data/4.misc/CLM5.0_S3_mrso.nc,monthly
105,108.0,CLM5.0,S3,cLitter,/Net/Groups/BGI/people/ecathain/TRENDY_Emulator_Scripts/NewModel/scripts/preprocessing/model_outputs/data/4.misc/CLM5.0_S3_cLitter.nc,annual
106,109.0,CLM5.0,S3,fLuc,/Net/Groups/BGI/people/ecathain/TRENDY_Emulator_Scripts/NewModel/scripts/preprocessing/model_outputs/data/4.misc/CLM5.0_S3_fLuc.nc,monthly
107,110.0,CLM5.0,S3,fFire,/Net/Groups/BGI/people/ecathain/TRENDY_Emulator_Scripts/NewModel/scripts/preprocessing/model_outputs/data/4.misc/CLM5.0_S3_fFire.nc,monthly
108,111.0,CLM5.0,S3,npp,/Net/Groups/BGI/people/ecathain/TRENDY_Emulator_Scripts/NewModel/scripts/preprocessing/model_outputs/data/4.misc/CLM5.0_S3_npp.nc,monthly
109,112.0,ELM,S0,mrro,/Net/Groups/BGI/people/ecathain/TRENDY_Emulator_Scripts/NewModel/scripts/preprocessing/model_outputs/data/4.misc/ELM_S0_mrro.nc,monthly
110,113.0,ELM,S0,evapotrans,/Net/Groups/BGI/people/ecathain/TRENDY_Emulator_Scripts/NewModel/scripts/preprocessing/model_outputs/data/4.misc/ELM_S0_evapotrans.nc,monthly
111,114.0,ELM,S0,cVeg,/Net/Groups/BGI/people/ecathain/TRENDY_Emulator_Scripts/NewModel/scripts/preprocessing/model_outputs/data/4.misc/ELM_S0_cVeg.nc,annual
112,115.0,ELM,S0,lai,/Net/Groups/BGI/people/ecathain/TRENDY_Emulator_Scripts/NewModel/scripts/preprocessing/model_outputs/data/4.misc/ELM_S0_lai.nc,monthly
113,116.0,ELM,S0,nbp,/Net/Groups/BGI/people/ecathain/TRENDY_Emulator_Scripts/NewModel/scripts/preprocessing/model_outputs/data/4.misc/ELM_S0_nbp.nc,monthly
114,117.0,ELM,S0,ra,/Net/Groups/BGI/people/ecathain/TRENDY_Emulator_Scripts/NewModel/scripts/preprocessing/model_outputs/data/4.misc/ELM_S0_ra.nc,monthly
115,118.0,ELM,S0,gpp,/Net/Groups/BGI/people/ecathain/TRENDY_Emulator_Scripts/NewModel/scripts/preprocessing/model_outputs/data/4.misc/ELM_S0_gpp.nc,monthly
116,119.0,ELM,S0,cSoil,/Net/Groups/BGI/people/ecathain/TRENDY_Emulator_Scripts/NewModel/scripts/preprocessing/model_outputs/data/4.misc/ELM_S0_cSoil.nc,annual
117,120.0,ELM,S0,rh,/Net/Groups/BGI/people/ecathain/TRENDY_Emulator_Scripts/NewModel/scripts/preprocessing/model_outputs/data/4.misc/ELM_S0_rh.nc,monthly
118,121.0,ELM,S0,mrso,/Net/Groups/BGI/people/ecathain/TRENDY_Emulator_Scripts/NewModel/scripts/preprocessing/model_outputs/data/4.misc/ELM_S0_mrso.nc,monthly
119,122.0,ELM,S0,cLitter,/Net/Groups/BGI/people/ecathain/TRENDY_Emulator_Scripts/NewModel/scripts/preprocessing/model_outputs/data/4.misc/ELM_S0_cLitter.nc,annual
120,123.0,ELM,S0,fLuc,/Net/Groups/BGI/people/ecathain/TRENDY_Emulator_Scripts/NewModel/scripts/preprocessing/model_outputs/data/4.misc/ELM_S0_fLuc.nc,monthly
121,125.0,ELM,S0,npp,/Net/Groups/BGI/people/ecathain/TRENDY_Emulator_Scripts/NewModel/scripts/preprocessing/model_outputs/data/4.misc/ELM_S0_npp.nc,monthly
122,126.0,ELM,S1,mrro,/Net/Groups/BGI/people/ecathain/TRENDY_Emulator_Scripts/NewModel/scripts/preprocessing/model_outputs/data/4.misc/ELM_S1_mrro.nc,monthly
123,127.0,ELM,S1,evapotrans,/Net/Groups/BGI/people/ecathain/TRENDY_Emulator_Scripts/NewModel/scripts/preprocessing/model_outputs/data/4.misc/ELM_S1_evapotrans.nc,monthly
124,128.0,ELM,S1,cVeg,/Net/Groups/BGI/people/ecathain/TRENDY_Emulator_Scripts/NewModel/scripts/preprocessing/model_outputs/data/4.misc/ELM_S1_cVeg.nc,annual
125,129.0,ELM,S1,lai,/Net/Groups/BGI/people/ecathain/TRENDY_Emulator_Scripts/NewModel/scripts/preprocessing/model_outputs/data/4.misc/ELM_S1_lai.nc,monthly
126,130.0,ELM,S1,nbp,/Net/Groups/BGI/people/ecathain/TRENDY_Emulator_Scripts/NewModel/scripts/preprocessing/model_outputs/data/4.misc/ELM_S1_nbp.nc,monthly
127,131.0,ELM,S1,ra,/Net/Groups/BGI/people/ecathain/TRENDY_Emulator_Scripts/NewModel/scripts/preprocessing/model_outputs/data/4.misc/ELM_S1_ra.nc,monthly
128,132.0,ELM,S1,gpp,/Net/Groups/BGI/people/ecathain/TRENDY_Emulator_Scripts/NewModel/scripts/preprocessing/model_outputs/data/4.misc/ELM_S1_gpp.nc,monthly
129,133.0,ELM,S1,cSoil,/Net/Groups/BGI/people/ecathain/TRENDY_Emulator_Scripts/NewModel/scripts/preprocessing/model_outputs/data/4.misc/ELM_S1_cSoil.nc,annual
130,134.0,ELM,S1,rh,/Net/Groups/BGI/people/ecathain/TRENDY_Emulator_Scripts/NewModel/scripts/preprocessing/model_outputs/data/4.misc/ELM_S1_rh.nc,monthly
131,135.0,ELM,S1,mrso,/Net/Groups/BGI/people/ecathain/TRENDY_Emulator_Scripts/NewModel/scripts/preprocessing/model_outputs/data/4.misc/ELM_S1_mrso.nc,monthly
132,136.0,ELM,S1,cLitter,/Net/Groups/BGI/people/ecathain/TRENDY_Emulator_Scripts/NewModel/scripts/preprocessing/model_outputs/data/4.misc/ELM_S1_cLitter.nc,annual
133,137.0,ELM,S1,fLuc,/Net/Groups/BGI/people/ecathain/TRENDY_Emulator_Scripts/NewModel/scripts/preprocessing/model_outputs/data/4.misc/ELM_S1_fLuc.nc,monthly
134,139.0,ELM,S1,npp,/Net/Groups/BGI/people/ecathain/TRENDY_Emulator_Scripts/NewModel/scripts/preprocessing/model_outputs/data/4.misc/ELM_S1_npp.nc,monthly
135,140.0,ELM,S2,mrro,/Net/Groups/BGI/people/ecathain/TRENDY_Emulator_Scripts/NewModel/scripts/preprocessing/model_outputs/data/4.misc/ELM_S2_mrro.nc,monthly
136,141.0,ELM,S2,evapotrans,/Net/Groups/BGI/people/ecathain/TRENDY_Emulator_Scripts/NewModel/scripts/preprocessing/model_outputs/data/4.misc/ELM_S2_evapotrans.nc,monthly
137,142.0,ELM,S2,cVeg,/Net/Groups/BGI/people/ecathain/TRENDY_Emulator_Scripts/NewModel/scripts/preprocessing/model_outputs/data/4.misc/ELM_S2_cVeg.nc,annual
138,143.0,ELM,S2,lai,/Net/Groups/BGI/people/ecathain/TRENDY_Emulator_Scripts/NewModel/scripts/preprocessing/model_outputs/data/4.misc/ELM_S2_lai.nc,monthly
139,144.0,ELM,S2,nbp,/Net/Groups/BGI/people/ecathain/TRENDY_Emulator_Scripts/NewModel/scripts/preprocessing/model_outputs/data/4.misc/ELM_S2_nbp.nc,monthly
140,145.0,ELM,S2,ra,/Net/Groups/BGI/people/ecathain/TRENDY_Emulator_Scripts/NewModel/scripts/preprocessing/model_outputs/data/4.misc/ELM_S2_ra.nc,monthly
141,146.0,ELM,S2,gpp,/Net/Groups/BGI/people/ecathain/TRENDY_Emulator_Scripts/NewModel/scripts/preprocessing/model_outputs/data/4.misc/ELM_S2_gpp.nc,monthly
142,147.0,ELM,S2,cSoil,/Net/Groups/BGI/people/ecathain/TRENDY_Emulator_Scripts/NewModel/scripts/preprocessing/model_outputs/data/4.misc/ELM_S2_cSoil.nc,annual
143,148.0,ELM,S2,rh,/Net/Groups/BGI/people/ecathain/TRENDY_Emulator_Scripts/NewModel/scripts/preprocessing/model_outputs/data/4.misc/ELM_S2_rh.nc,monthly
144,149.0,ELM,S2,mrso,/Net/Groups/BGI/people/ecathain/TRENDY_Emulator_Scripts/NewModel/scripts/preprocessing/model_outputs/data/4.misc/ELM_S2_mrso.nc,monthly
145,150.0,ELM,S2,cLitter,/Net/Groups/BGI/people/ecathain/TRENDY_Emulator_Scripts/NewModel/scripts/preprocessing/model_outputs/data/4.misc/ELM_S2_cLitter.nc,annual
146,151.0,ELM,S2,fLuc,/Net/Groups/BGI/people/ecathain/TRENDY_Emulator_Scripts/NewModel/scripts/preprocessing/model_outputs/data/4.misc/ELM_S2_fLuc.nc,monthly
147,153.0,ELM,S2,npp,/Net/Groups/BGI/people/ecathain/TRENDY_Emulator_Scripts/NewModel/scripts/preprocessing/model_outputs/data/4.misc/ELM_S2_npp.nc,monthly
148,154.0,ELM,S3,mrro,/Net/Groups/BGI/people/ecathain/TRENDY_Emulator_Scripts/NewModel/scripts/preprocessing/model_outputs/data/4.misc/ELM_S3_mrro.nc,monthly
149,155.0,ELM,S3,evapotrans,/Net/Groups/BGI/people/ecathain/TRENDY_Emulator_Scripts/NewModel/scripts/preprocessing/model_outputs/data/4.misc/ELM_S3_evapotrans.nc,monthly
150,156.0,ELM,S3,cVeg,/Net/Groups/BGI/people/ecathain/TRENDY_Emulator_Scripts/NewModel/scripts/preprocessing/model_outputs/data/4.misc/ELM_S3_cVeg.nc,annual
151,157.0,ELM,S3,lai,/Net/Groups/BGI/people/ecathain/TRENDY_Emulator_Scripts/NewModel/scripts/preprocessing/model_outputs/data/4.misc/ELM_S3_lai.nc,monthly
152,158.0,ELM,S3,nbp,/Net/Groups/BGI/people/ecathain/TRENDY_Emulator_Scripts/NewModel/scripts/preprocessing/model_outputs/data/4.misc/ELM_S3_nbp.nc,monthly
153,159.0,ELM,S3,ra,/Net/Groups/BGI/people/ecathain/TRENDY_Emulator_Scripts/NewModel/scripts/preprocessing/model_outputs/data/4.misc/ELM_S3_ra.nc,monthly
154,160.0,ELM,S3,gpp,/Net/Groups/BGI/people/ecathain/TRENDY_Emulator_Scripts/NewModel/scripts/preprocessing/model_outputs/data/4.misc/ELM_S3_gpp.nc,monthly
155,161.0,ELM,S3,cSoil,/Net/Groups/BGI/people/ecathain/TRENDY_Emulator_Scripts/NewModel/scripts/preprocessing/model_outputs/data/4.misc/ELM_S3_cSoil.nc,annual
156,162.0,ELM,S3,rh,/Net/Groups/BGI/people/ecathain/TRENDY_Emulator_Scripts/NewModel/scripts/preprocessing/model_outputs/data/4.misc/ELM_S3_rh.nc,monthly
157,163.0,ELM,S3,mrso,/Net/Groups/BGI/people/ecathain/TRENDY_Emulator_Scripts/NewModel/scripts/preprocessing/model_outputs/data/4.misc/ELM_S3_mrso.nc,monthly
158,164.0,ELM,S3,cLitter,/Net/Groups/BGI/people/ecathain/TRENDY_Emulator_Scripts/NewModel/scripts/preprocessing/model_outputs/data/4.misc/ELM_S3_cLitter.nc,annual
159,165.0,ELM,S3,fLuc,/Net/Groups/BGI/people/ecathain/TRENDY_Emulator_Scripts/NewModel/scripts/preprocessing/model_outputs/data/4.misc/ELM_S3_fLuc.nc,monthly
160,166.0,ELM,S3,fFire,/Net/Groups/BGI/people/ecathain/TRENDY_Emulator_Scripts/NewModel/scripts/preprocessing/model_outputs/data/4.misc/ELM_S3_fFire.nc,monthly
161,167.0,ELM,S3,npp,/Net/Groups/BGI/people/ecathain/TRENDY_Emulator_Scripts/NewModel/scripts/preprocessing/model_outputs/data/4.misc/ELM_S3_npp.nc,monthly
162,168.0,JSBACH,S0,mrro,/Net/Groups/BGI/people/ecathain/TRENDY_Emulator_Scripts/NewModel/scripts/preprocessing/model_outputs/data/4.misc/JSBACH_S0_mrro.nc,monthly
163,169.0,JSBACH,S0,evapotrans,/Net/Groups/BGI/people/ecathain/TRENDY_Emulator_Scripts/NewModel/scripts/preprocessing/model_outputs/data/4.misc/JSBACH_S0_evapotrans.nc,monthly
164,170.0,JSBACH,S0,cVeg,/Net/Groups/BGI/people/ecathain/TRENDY_Emulator_Scripts/NewModel/scripts/preprocessing/model_outputs/data/4.misc/JSBACH_S0_cVeg.nc,annual
165,171.0,JSBACH,S0,lai,/Net/Groups/BGI/people/ecathain/TRENDY_Emulator_Scripts/NewModel/scripts/preprocessing/model_outputs/data/4.misc/JSBACH_S0_lai.nc,monthly
166,172.0,JSBACH,S0,nbp,/Net/Groups/BGI/people/ecathain/TRENDY_Emulator_Scripts/NewModel/scripts/preprocessing/model_outputs/data/4.misc/JSBACH_S0_nbp.nc,monthly
167,173.0,JSBACH,S0,ra,/Net/Groups/BGI/people/ecathain/TRENDY_Emulator_Scripts/NewModel/scripts/preprocessing/model_outputs/data/4.misc/JSBACH_S0_ra.nc,monthly
168,174.0,JSBACH,S0,gpp,/Net/Groups/BGI/people/ecathain/TRENDY_Emulator_Scripts/NewModel/scripts/preprocessing/model_outputs/data/4.misc/JSBACH_S0_gpp.nc,monthly
169,175.0,JSBACH,S0,cSoil,/Net/Groups/BGI/people/ecathain/TRENDY_Emulator_Scripts/NewModel/scripts/preprocessing/model_outputs/data/4.misc/JSBACH_S0_cSoil.nc,annual
170,176.0,JSBACH,S0,rh,/Net/Groups/BGI/people/ecathain/TRENDY_Emulator_Scripts/NewModel/scripts/preprocessing/model_outputs/data/4.misc/JSBACH_S0_rh.nc,monthly
171,177.0,JSBACH,S0,mrso,/Net/Groups/BGI/people/ecathain/TRENDY_Emulator_Scripts/NewModel/scripts/preprocessing/model_outputs/data/4.misc/JSBACH_S0_mrso.nc,monthly
172,178.0,JSBACH,S0,cLitter,/Net/Groups/BGI/people/ecathain/TRENDY_Emulator_Scripts/NewModel/scripts/preprocessing/model_outputs/data/4.misc/JSBACH_S0_cLitter.nc,annual
173,179.0,JSBACH,S0,fLuc,/Net/Groups/BGI/people/ecathain/TRENDY_Emulator_Scripts/NewModel/scripts/preprocessing/model_outputs/data/4.misc/JSBACH_S0_fLuc.nc,monthly
174,180.0,JSBACH,S0,fFire,/Net/Groups/BGI/people/ecathain/TRENDY_Emulator_Scripts/NewModel/scripts/preprocessing/model_outputs/data/4.misc/JSBACH_S0_fFire.nc,monthly
175,181.0,JSBACH,S0,npp,/Net/Groups/BGI/people/ecathain/TRENDY_Emulator_Scripts/NewModel/scripts/preprocessing/model_outputs/data/4.misc/JSBACH_S0_npp.nc,monthly
176,182.0,JSBACH,S1,mrro,/Net/Groups/BGI/people/ecathain/TRENDY_Emulator_Scripts/NewModel/scripts/preprocessing/model_outputs/data/4.misc/JSBACH_S1_mrro.nc,monthly
177,183.0,JSBACH,S1,evapotrans,/Net/Groups/BGI/people/ecathain/TRENDY_Emulator_Scripts/NewModel/scripts/preprocessing/model_outputs/data/4.misc/JSBACH_S1_evapotrans.nc,monthly
178,184.0,JSBACH,S1,cVeg,/Net/Groups/BGI/people/ecathain/TRENDY_Emulator_Scripts/NewModel/scripts/preprocessing/model_outputs/data/4.misc/JSBACH_S1_cVeg.nc,annual
179,185.0,JSBACH,S1,lai,/Net/Groups/BGI/people/ecathain/TRENDY_Emulator_Scripts/NewModel/scripts/preprocessing/model_outputs/data/4.misc/JSBACH_S1_lai.nc,monthly
180,186.0,JSBACH,S1,nbp,/Net/Groups/BGI/people/ecathain/TRENDY_Emulator_Scripts/NewModel/scripts/preprocessing/model_outputs/data/4.misc/JSBACH_S1_nbp.nc,monthly
181,187.0,JSBACH,S1,ra,/Net/Groups/BGI/people/ecathain/TRENDY_Emulator_Scripts/NewModel/scripts/preprocessing/model_outputs/data/4.misc/JSBACH_S1_ra.nc,monthly
182,188.0,JSBACH,S1,gpp,/Net/Groups/BGI/people/ecathain/TRENDY_Emulator_Scripts/NewModel/scripts/preprocessing/model_outputs/data/4.misc/JSBACH_S1_gpp.nc,monthly
183,189.0,JSBACH,S1,cSoil,/Net/Groups/BGI/people/ecathain/TRENDY_Emulator_Scripts/NewModel/scripts/preprocessing/model_outputs/data/4.misc/JSBACH_S1_cSoil.nc,annual
184,190.0,JSBACH,S1,rh,/Net/Groups/BGI/people/ecathain/TRENDY_Emulator_Scripts/NewModel/scripts/preprocessing/model_outputs/data/4.misc/JSBACH_S1_rh.nc,monthly
185,191.0,JSBACH,S1,mrso,/Net/Groups/BGI/people/ecathain/TRENDY_Emulator_Scripts/NewModel/scripts/preprocessing/model_outputs/data/4.misc/JSBACH_S1_mrso.nc,monthly
186,192.0,JSBACH,S1,cLitter,/Net/Groups/BGI/people/ecathain/TRENDY_Emulator_Scripts/NewModel/scripts/preprocessing/model_outputs/data/4.misc/JSBACH_S1_cLitter.nc,annual
187,193.0,JSBACH,S1,fLuc,/Net/Groups/BGI/people/ecathain/TRENDY_Emulator_Scripts/NewModel/scripts/preprocessing/model_outputs/data/4.misc/JSBACH_S1_fLuc.nc,monthly
188,194.0,JSBACH,S1,fFire,/Net/Groups/BGI/people/ecathain/TRENDY_Emulator_Scripts/NewModel/scripts/preprocessing/model_outputs/data/4.misc/JSBACH_S1_fFire.nc,monthly
189,195.0,JSBACH,S1,npp,/Net/Groups/BGI/people/ecathain/TRENDY_Emulator_Scripts/NewModel/scripts/preprocessing/model_outputs/data/4.misc/JSBACH_S1_npp.nc,monthly
190,196.0,JSBACH,S2,mrro,/Net/Groups/BGI/people/ecathain/TRENDY_Emulator_Scripts/NewModel/scripts/preprocessing/model_outputs/data/4.misc/JSBACH_S2_mrro.nc,monthly
191,197.0,JSBACH,S2,evapotrans,/Net/Groups/BGI/people/ecathain/TRENDY_Emulator_Scripts/NewModel/scripts/preprocessing/model_outputs/data/4.misc/JSBACH_S2_evapotrans.nc,monthly
192,198.0,JSBACH,S2,cVeg,/Net/Groups/BGI/people/ecathain/TRENDY_Emulator_Scripts/NewModel/scripts/preprocessing/model_outputs/data/4.misc/JSBACH_S2_cVeg.nc,annual
193,199.0,JSBACH,S2,lai,/Net/Groups/BGI/people/ecathain/TRENDY_Emulator_Scripts/NewModel/scripts/preprocessing/model_outputs/data/4.misc/JSBACH_S2_lai.nc,monthly
194,200.0,JSBACH,S2,nbp,/Net/Groups/BGI/people/ecathain/TRENDY_Emulator_Scripts/NewModel/scripts/preprocessing/model_outputs/data/4.misc/JSBACH_S2_nbp.nc,monthly
195,201.0,JSBACH,S2,ra,/Net/Groups/BGI/people/ecathain/TRENDY_Emulator_Scripts/NewModel/scripts/preprocessing/model_outputs/data/4.misc/JSBACH_S2_ra.nc,monthly
196,202.0,JSBACH,S2,gpp,/Net/Groups/BGI/people/ecathain/TRENDY_Emulator_Scripts/NewModel/scripts/preprocessing/model_outputs/data/4.misc/JSBACH_S2_gpp.nc,monthly
197,203.0,JSBACH,S2,cSoil,/Net/Groups/BGI/people/ecathain/TRENDY_Emulator_Scripts/NewModel/scripts/preprocessing/model_outputs/data/4.misc/JSBACH_S2_cSoil.nc,annual
198,204.0,JSBACH,S2,rh,/Net/Groups/BGI/people/ecathain/TRENDY_Emulator_Scripts/NewModel/scripts/preprocessing/model_outputs/data/4.misc/JSBACH_S2_rh.nc,monthly
199,205.0,JSBACH,S2,mrso,/Net/Groups/BGI/people/ecathain/TRENDY_Emulator_Scripts/NewModel/scripts/preprocessing/model_outputs/data/4.misc/JSBACH_S2_mrso.nc,monthly
200,206.0,JSBACH,S2,cLitter,/Net/Groups/BGI/people/ecathain/TRENDY_Emulator_Scripts/NewModel/scripts/preprocessing/model_outputs/data/4.misc/JSBACH_S2_cLitter.nc,annual
201,207.0,JSBACH,S2,fLuc,/Net/Groups/BGI/people/ecathain/TRENDY_Emulator_Scripts/NewModel/scripts/preprocessing/model_outputs/data/4.misc/JSBACH_S2_fLuc.nc,monthly
202,208.0,JSBACH,S2,fFire,/Net/Groups/BGI/people/ecathain/TRENDY_Emulator_Scripts/NewModel/scripts/preprocessing/model_outputs/data/4.misc/JSBACH_S2_fFire.nc,monthly
203,209.0,JSBACH,S2,npp,/Net/Groups/BGI/people/ecathain/TRENDY_Emulator_Scripts/NewModel/scripts/preprocessing/model_outputs/data/4.misc/JSBACH_S2_npp.nc,monthly
204,210.0,JSBACH,S3,mrro,/Net/Groups/BGI/people/ecathain/TRENDY_Emulator_Scripts/NewModel/scripts/preprocessing/model_outputs/data/4.misc/JSBACH_S3_mrro.nc,monthly
205,211.0,JSBACH,S3,evapotrans,/Net/Groups/BGI/people/ecathain/TRENDY_Emulator_Scripts/NewModel/scripts/preprocessing/model_outputs/data/4.misc/JSBACH_S3_evapotrans.nc,monthly
206,212.0,JSBACH,S3,cVeg,/Net/Groups/BGI/people/ecathain/TRENDY_Emulator_Scripts/NewModel/scripts/preprocessing/model_outputs/data/4.misc/JSBACH_S3_cVeg.nc,annual
207,213.0,JSBACH,S3,lai,/Net/Groups/BGI/people/ecathain/TRENDY_Emulator_Scripts/NewModel/scripts/preprocessing/model_outputs/data/4.misc/JSBACH_S3_lai.nc,monthly
208,214.0,JSBACH,S3,nbp,/Net/Groups/BGI/people/ecathain/TRENDY_Emulator_Scripts/NewModel/scripts/preprocessing/model_outputs/data/4.misc/JSBACH_S3_nbp.nc,monthly
209,215.0,JSBACH,S3,ra,/Net/Groups/BGI/people/ecathain/TRENDY_Emulator_Scripts/NewModel/scripts/preprocessing/model_outputs/data/4.misc/JSBACH_S3_ra.nc,monthly
210,216.0,JSBACH,S3,gpp,/Net/Groups/BGI/people/ecathain/TRENDY_Emulator_Scripts/NewModel/scripts/preprocessing/model_outputs/data/4.misc/JSBACH_S3_gpp.nc,monthly
211,217.0,JSBACH,S3,cSoil,/Net/Groups/BGI/people/ecathain/TRENDY_Emulator_Scripts/NewModel/scripts/preprocessing/model_outputs/data/4.misc/JSBACH_S3_cSoil.nc,annual
212,218.0,JSBACH,S3,rh,/Net/Groups/BGI/people/ecathain/TRENDY_Emulator_Scripts/NewModel/scripts/preprocessing/model_outputs/data/4.misc/JSBACH_S3_rh.nc,monthly
213,219.0,JSBACH,S3,mrso,/Net/Groups/BGI/people/ecathain/TRENDY_Emulator_Scripts/NewModel/scripts/preprocessing/model_outputs/data/4.misc/JSBACH_S3_mrso.nc,monthly
214,220.0,JSBACH,S3,cLitter,/Net/Groups/BGI/people/ecathain/TRENDY_Emulator_Scripts/NewModel/scripts/preprocessing/model_outputs/data/4.misc/JSBACH_S3_cLitter.nc,annual
215,221.0,JSBACH,S3,fLuc,/Net/Groups/BGI/people/ecathain/TRENDY_Emulator_Scripts/NewModel/scripts/preprocessing/model_outputs/data/4.misc/JSBACH_S3_fLuc.nc,monthly
216,222.0,JSBACH,S3,fFire,/Net/Groups/BGI/people/ecathain/TRENDY_Emulator_Scripts/NewModel/scripts/preprocessing/model_outputs/data/4.misc/JSBACH_S3_fFire.nc,monthly
217,223.0,JSBACH,S3,npp,/Net/Groups/BGI/people/ecathain/TRENDY_Emulator_Scripts/NewModel/scripts/preprocessing/model_outputs/data/4.misc/JSBACH_S3_npp.nc,monthly
218,224.0,ORCHIDEE,S0,mrro,/Net/Groups/BGI/people/ecathain/TRENDY_Emulator_Scripts/NewModel/scripts/preprocessing/model_outputs/data/4.misc/ORCHIDEE_S0_mrro.nc,monthly
219,225.0,ORCHIDEE,S0,evapotrans,/Net/Groups/BGI/people/ecathain/TRENDY_Emulator_Scripts/NewModel/scripts/preprocessing/model_outputs/data/4.misc/ORCHIDEE_S0_evapotrans.nc,monthly
220,226.0,ORCHIDEE,S0,cVeg,/Net/Groups/BGI/people/ecathain/TRENDY_Emulator_Scripts/NewModel/scripts/preprocessing/model_outputs/data/4.misc/ORCHIDEE_S0_cVeg.nc,annual
221,227.0,ORCHIDEE,S0,lai,/Net/Groups/BGI/people/ecathain/TRENDY_Emulator_Scripts/NewModel/scripts/preprocessing/model_outputs/data/4.misc/ORCHIDEE_S0_lai.nc,monthly
222,228.0,ORCHIDEE,S0,nbp,/Net/Groups/BGI/people/ecathain/TRENDY_Emulator_Scripts/NewModel/scripts/preprocessing/model_outputs/data/4.misc/ORCHIDEE_S0_nbp.nc,monthly
223,229.0,ORCHIDEE,S0,ra,/Net/Groups/BGI/people/ecathain/TRENDY_Emulator_Scripts/NewModel/scripts/preprocessing/model_outputs/data/4.misc/ORCHIDEE_S0_ra.nc,monthly
224,230.0,ORCHIDEE,S0,gpp,/Net/Groups/BGI/people/ecathain/TRENDY_Emulator_Scripts/NewModel/scripts/preprocessing/model_outputs/data/4.misc/ORCHIDEE_S0_gpp.nc,monthly
225,231.0,ORCHIDEE,S0,cSoil,/Net/Groups/BGI/people/ecathain/TRENDY_Emulator_Scripts/NewModel/scripts/preprocessing/model_outputs/data/4.misc/ORCHIDEE_S0_cSoil.nc,annual
226,232.0,ORCHIDEE,S0,rh,/Net/Groups/BGI/people/ecathain/TRENDY_Emulator_Scripts/NewModel/scripts/preprocessing/model_outputs/data/4.misc/ORCHIDEE_S0_rh.nc,monthly
227,233.0,ORCHIDEE,S0,mrso,/Net/Groups/BGI/people/ecathain/TRENDY_Emulator_Scripts/NewModel/scripts/preprocessing/model_outputs/data/4.misc/ORCHIDEE_S0_mrso.nc,monthly
228,234.0,ORCHIDEE,S0,cLitter,/Net/Groups/BGI/people/ecathain/TRENDY_Emulator_Scripts/NewModel/scripts/preprocessing/model_outputs/data/4.misc/ORCHIDEE_S0_cLitter.nc,annual
229,235.0,ORCHIDEE,S0,fLuc,/Net/Groups/BGI/people/ecathain/TRENDY_Emulator_Scripts/NewModel/scripts/preprocessing/model_outputs/data/4.misc/ORCHIDEE_S0_fLuc.nc,monthly
230,236.0,ORCHIDEE,S0,fFire,/Net/Groups/BGI/people/ecathain/TRENDY_Emulator_Scripts/NewModel/scripts/preprocessing/model_outputs/data/4.misc/ORCHIDEE_S0_fFire.nc,monthly
231,237.0,ORCHIDEE,S0,npp,/Net/Groups/BGI/people/ecathain/TRENDY_Emulator_Scripts/NewModel/scripts/preprocessing/model_outputs/data/4.misc/ORCHIDEE_S0_npp.nc,monthly
232,238.0,ORCHIDEE,S1,mrro,/Net/Groups/BGI/people/ecathain/TRENDY_Emulator_Scripts/NewModel/scripts/preprocessing/model_outputs/data/4.misc/ORCHIDEE_S1_mrro.nc,monthly
233,239.0,ORCHIDEE,S1,evapotrans,/Net/Groups/BGI/people/ecathain/TRENDY_Emulator_Scripts/NewModel/scripts/preprocessing/model_outputs/data/4.misc/ORCHIDEE_S1_evapotrans.nc,monthly
234,240.0,ORCHIDEE,S1,cVeg,/Net/Groups/BGI/people/ecathain/TRENDY_Emulator_Scripts/NewModel/scripts/preprocessing/model_outputs/data/4.misc/ORCHIDEE_S1_cVeg.nc,annual
235,241.0,ORCHIDEE,S1,lai,/Net/Groups/BGI/people/ecathain/TRENDY_Emulator_Scripts/NewModel/scripts/preprocessing/model_outputs/data/4.misc/ORCHIDEE_S1_lai.nc,monthly
236,242.0,ORCHIDEE,S1,nbp,/Net/Groups/BGI/people/ecathain/TRENDY_Emulator_Scripts/NewModel/scripts/preprocessing/model_outputs/data/4.misc/ORCHIDEE_S1_nbp.nc,monthly
237,243.0,ORCHIDEE,S1,ra,/Net/Groups/BGI/people/ecathain/TRENDY_Emulator_Scripts/NewModel/scripts/preprocessing/model_outputs/data/4.misc/ORCHIDEE_S1_ra.nc,monthly
238,244.0,ORCHIDEE,S1,gpp,/Net/Groups/BGI/people/ecathain/TRENDY_Emulator_Scripts/NewModel/scripts/preprocessing/model_outputs/data/4.misc/ORCHIDEE_S1_gpp.nc,monthly
239,245.0,ORCHIDEE,S1,cSoil,/Net/Groups/BGI/people/ecathain/TRENDY_Emulator_Scripts/NewModel/scripts/preprocessing/model_outputs/data/4.misc/ORCHIDEE_S1_cSoil.nc,annual
240,246.0,ORCHIDEE,S1,rh,/Net/Groups/BGI/people/ecathain/TRENDY_Emulator_Scripts/NewModel/scripts/preprocessing/model_outputs/data/4.misc/ORCHIDEE_S1_rh.nc,monthly
241,247.0,ORCHIDEE,S1,mrso,/Net/Groups/BGI/people/ecathain/TRENDY_Emulator_Scripts/NewModel/scripts/preprocessing/model_outputs/data/4.misc/ORCHIDEE_S1_mrso.nc,monthly
242,248.0,ORCHIDEE,S1,cLitter,/Net/Groups/BGI/people/ecathain/TRENDY_Emulator_Scripts/NewModel/scripts/preprocessing/model_outputs/data/4.misc/ORCHIDEE_S1_cLitter.nc,annual
243,249.0,ORCHIDEE,S1,fLuc,/Net/Groups/BGI/people/ecathain/TRENDY_Emulator_Scripts/NewModel/scripts/preprocessing/model_outputs/data/4.misc/ORCHIDEE_S1_fLuc.nc,monthly
244,250.0,ORCHIDEE,S1,fFire,/Net/Groups/BGI/people/ecathain/TRENDY_Emulator_Scripts/NewModel/scripts/preprocessing/model_outputs/data/4.misc/ORCHIDEE_S1_fFire.nc,monthly
245,251.0,ORCHIDEE,S1,npp,/Net/Groups/BGI/people/ecathain/TRENDY_Emulator_Scripts/NewModel/scripts/preprocessing/model_outputs/data/4.misc/ORCHIDEE_S1_npp.nc,monthly
246,252.0,ORCHIDEE,S2,mrro,/Net/Groups/BGI/people/ecathain/TRENDY_Emulator_Scripts/NewModel/scripts/preprocessing/model_outputs/data/4.misc/ORCHIDEE_S2_mrro.nc,monthly
247,253.0,ORCHIDEE,S2,evapotrans,/Net/Groups/BGI/people/ecathain/TRENDY_Emulator_Scripts/NewModel/scripts/preprocessing/model_outputs/data/4.misc/ORCHIDEE_S2_evapotrans.nc,monthly
248,254.0,ORCHIDEE,S2,cVeg,/Net/Groups/BGI/people/ecathain/TRENDY_Emulator_Scripts/NewModel/scripts/preprocessing/model_outputs/data/4.misc/ORCHIDEE_S2_cVeg.nc,annual
249,255.0,ORCHIDEE,S2,lai,/Net/Groups/BGI/people/ecathain/TRENDY_Emulator_Scripts/NewModel/scripts/preprocessing/model_outputs/data/4.misc/ORCHIDEE_S2_lai.nc,monthly
250,256.0,ORCHIDEE,S2,nbp,/Net/Groups/BGI/people/ecathain/TRENDY_Emulator_Scripts/NewModel/scripts/preprocessing/model_outputs/data/4.misc/ORCHIDEE_S2_nbp.nc,monthly
251,257.0,ORCHIDEE,S2,ra,/Net/Groups/BGI/people/ecathain/TRENDY_Emulator_Scripts/NewModel/scripts/preprocessing/model_outputs/data/4.misc/ORCHIDEE_S2_ra.nc,monthly
252,258.0,ORCHIDEE,S2,gpp,/Net/Groups/BGI/people/ecathain/TRENDY_Emulator_Scripts/NewModel/scripts/preprocessing/model_outputs/data/4.misc/ORCHIDEE_S2_gpp.nc,monthly
253,259.0,ORCHIDEE,S2,cSoil,/Net/Groups/BGI/people/ecathain/TRENDY_Emulator_Scripts/NewModel/scripts/preprocessing/model_outputs/data/4.misc/ORCHIDEE_S2_cSoil.nc,annual
254,260.0,ORCHIDEE,S2,rh,/Net/Groups/BGI/people/ecathain/TRENDY_Emulator_Scripts/NewModel/scripts/preprocessing/model_outputs/data/4.misc/ORCHIDEE_S2_rh.nc,monthly
255,261.0,ORCHIDEE,S2,mrso,/Net/Groups/BGI/people/ecathain/TRENDY_Emulator_Scripts/NewModel/scripts/preprocessing/model_outputs/data/4.misc/ORCHIDEE_S2_mrso.nc,monthly
256,262.0,ORCHIDEE,S2,cLitter,/Net/Groups/BGI/people/ecathain/TRENDY_Emulator_Scripts/NewModel/scripts/preprocessing/model_outputs/data/4.misc/ORCHIDEE_S2_cLitter.nc,annual
257,263.0,ORCHIDEE,S2,fLuc,/Net/Groups/BGI/people/ecathain/TRENDY_Emulator_Scripts/NewModel/scripts/preprocessing/model_outputs/data/4.misc/ORCHIDEE_S2_fLuc.nc,monthly
258,264.0,ORCHIDEE,S2,fFire,/Net/Groups/BGI/people/ecathain/TRENDY_Emulator_Scripts/NewModel/scripts/preprocessing/model_outputs/data/4.misc/ORCHIDEE_S2_fFire.nc,monthly
259,265.0,ORCHIDEE,S2,npp,/Net/Groups/BGI/people/ecathain/TRENDY_Emulator_Scripts/NewModel/scripts/preprocessing/model_outputs/data/4.misc/ORCHIDEE_S2_npp.nc,monthly
260,266.0,ORCHIDEE,S3,mrro,/Net/Groups/BGI/people/ecathain/TRENDY_Emulator_Scripts/NewModel/scripts/preprocessing/model_outputs/data/4.misc/ORCHIDEE_S3_mrro.nc,monthly
261,267.0,ORCHIDEE,S3,evapotrans,/Net/Groups/BGI/people/ecathain/TRENDY_Emulator_Scripts/NewModel/scripts/preprocessing/model_outputs/data/4.misc/ORCHIDEE_S3_evapotrans.nc,monthly
262,268.0,ORCHIDEE,S3,cVeg,/Net/Groups/BGI/people/ecathain/TRENDY_Emulator_Scripts/NewModel/scripts/preprocessing/model_outputs/data/4.misc/ORCHIDEE_S3_cVeg.nc,annual
263,269.0,ORCHIDEE,S3,lai,/Net/Groups/BGI/people/ecathain/TRENDY_Emulator_Scripts/NewModel/scripts/preprocessing/model_outputs/data/4.misc/ORCHIDEE_S3_lai.nc,monthly
264,270.0,ORCHIDEE,S3,nbp,/Net/Groups/BGI/people/ecathain/TRENDY_Emulator_Scripts/NewModel/scripts/preprocessing/model_outputs/data/4.misc/ORCHIDEE_S3_nbp.nc,monthly
265,271.0,ORCHIDEE,S3,ra,/Net/Groups/BGI/people/ecathain/TRENDY_Emulator_Scripts/NewModel/scripts/preprocessing/model_outputs/data/4.misc/ORCHIDEE_S3_ra.nc,monthly
266,272.0,ORCHIDEE,S3,gpp,/Net/Groups/BGI/people/ecathain/TRENDY_Emulator_Scripts/NewModel/scripts/preprocessing/model_outputs/data/4.misc/ORCHIDEE_S3_gpp.nc,monthly
267,273.0,ORCHIDEE,S3,cSoil,/Net/Groups/BGI/people/ecathain/TRENDY_Emulator_Scripts/NewModel/scripts/preprocessing/model_outputs/data/4.misc/ORCHIDEE_S3_cSoil.nc,annual
268,274.0,ORCHIDEE,S3,rh,/Net/Groups/BGI/people/ecathain/TRENDY_Emulator_Scripts/NewModel/scripts/preprocessing/model_outputs/data/4.misc/ORCHIDEE_S3_rh.nc,monthly
269,275.0,ORCHIDEE,S3,mrso,/Net/Groups/BGI/people/ecathain/TRENDY_Emulator_Scripts/NewModel/scripts/preprocessing/model_outputs/data/4.misc/ORCHIDEE_S3_mrso.nc,monthly
270,276.0,ORCHIDEE,S3,cLitter,/Net/Groups/BGI/people/ecathain/TRENDY_Emulator_Scripts/NewModel/scripts/preprocessing/model_outputs/data/4.misc/ORCHIDEE_S3_cLitter.nc,annual
271,277.0,ORCHIDEE,S3,fLuc,/Net/Groups/BGI/people/ecathain/TRENDY_Emulator_Scripts/NewModel/scripts/preprocessing/model_outputs/data/4.misc/ORCHIDEE_S3_fLuc.nc,monthly
272,278.0,ORCHIDEE,S3,fFire,/Net/Groups/BGI/people/ecathain/TRENDY_Emulator_Scripts/NewModel/scripts/preprocessing/model_outputs/data/4.misc/ORCHIDEE_S3_fFire.nc,monthly
273,279.0,ORCHIDEE,S3,npp,/Net/Groups/BGI/people/ecathain/TRENDY_Emulator_Scripts/NewModel/scripts/preprocessing/model_outputs/data/4.misc/ORCHIDEE_S3_npp.nc,monthly
274,280.0,SDGVM,S0,mrro,/Net/Groups/BGI/people/ecathain/TRENDY_Emulator_Scripts/NewModel/scripts/preprocessing/model_outputs/data/4.misc/SDGVM_S0_mrro.nc,monthly
275,281.0,SDGVM,S0,evapotrans,/Net/Groups/BGI/people/ecathain/TRENDY_Emulator_Scripts/NewModel/scripts/preprocessing/model_outputs/data/4.misc/SDGVM_S0_evapotrans.nc,monthly
276,282.0,SDGVM,S0,cVeg,/Net/Groups/BGI/people/ecathain/TRENDY_Emulator_Scripts/NewModel/scripts/preprocessing/model_outputs/data/4.misc/SDGVM_S0_cVeg.nc,annual
277,283.0,SDGVM,S0,lai,/Net/Groups/BGI/people/ecathain/TRENDY_Emulator_Scripts/NewModel/scripts/preprocessing/model_outputs/data/4.misc/SDGVM_S0_lai.nc,monthly
278,284.0,SDGVM,S0,nbp,/Net/Groups/BGI/people/ecathain/TRENDY_Emulator_Scripts/NewModel/scripts/preprocessing/model_outputs/data/4.misc/SDGVM_S0_nbp.nc,monthly
279,285.0,SDGVM,S0,ra,/Net/Groups/BGI/people/ecathain/TRENDY_Emulator_Scripts/NewModel/scripts/preprocessing/model_outputs/data/4.misc/SDGVM_S0_ra.nc,monthly
280,286.0,SDGVM,S0,gpp,/Net/Groups/BGI/people/ecathain/TRENDY_Emulator_Scripts/NewModel/scripts/preprocessing/model_outputs/data/4.misc/SDGVM_S0_gpp.nc,monthly
281,287.0,SDGVM,S0,cSoil,/Net/Groups/BGI/people/ecathain/TRENDY_Emulator_Scripts/NewModel/scripts/preprocessing/model_outputs/data/4.misc/SDGVM_S0_cSoil.nc,annual
282,288.0,SDGVM,S0,rh,/Net/Groups/BGI/people/ecathain/TRENDY_Emulator_Scripts/NewModel/scripts/preprocessing/model_outputs/data/4.misc/SDGVM_S0_rh.nc,monthly
283,289.0,SDGVM,S0,mrso,/Net/Groups/BGI/people/ecathain/TRENDY_Emulator_Scripts/NewModel/scripts/preprocessing/model_outputs/data/4.misc/SDGVM_S0_mrso.nc,monthly
284,290.0,SDGVM,S0,cLitter,/Net/Groups/BGI/people/ecathain/TRENDY_Emulator_Scripts/NewModel/scripts/preprocessing/model_outputs/data/4.misc/SDGVM_S0_cLitter.nc,annual
285,291.0,SDGVM,S0,fLuc,/Net/Groups/BGI/people/ecathain/TRENDY_Emulator_Scripts/NewModel/scripts/preprocessing/model_outputs/data/4.misc/SDGVM_S0_fLuc.nc,monthly
286,292.0,SDGVM,S0,fFire,/Net/Groups/BGI/people/ecathain/TRENDY_Emulator_Scripts/NewModel/scripts/preprocessing/model_outputs/data/4.misc/SDGVM_S0_fFire.nc,monthly
287,293.0,SDGVM,S0,npp,/Net/Groups/BGI/people/ecathain/TRENDY_Emulator_Scripts/NewModel/scripts/preprocessing/model_outputs/data/4.misc/SDGVM_S0_npp.nc,monthly
288,294.0,SDGVM,S1,mrro,/Net/Groups/BGI/people/ecathain/TRENDY_Emulator_Scripts/NewModel/scripts/preprocessing/model_outputs/data/4.misc/SDGVM_S1_mrro.nc,monthly
289,295.0,SDGVM,S1,evapotrans,/Net/Groups/BGI/people/ecathain/TRENDY_Emulator_Scripts/NewModel/scripts/preprocessing/model_outputs/data/4.misc/SDGVM_S1_evapotrans.nc,monthly
290,296.0,SDGVM,S1,cVeg,/Net/Groups/BGI/people/ecathain/TRENDY_Emulator_Scripts/NewModel/scripts/preprocessing/model_outputs/data/4.misc/SDGVM_S1_cVeg.nc,annual
291,297.0,SDGVM,S1,lai,/Net/Groups/BGI/people/ecathain/TRENDY_Emulator_Scripts/NewModel/scripts/preprocessing/model_outputs/data/4.misc/SDGVM_S1_lai.nc,monthly
292,298.0,SDGVM,S1,nbp,/Net/Groups/BGI/people/ecathain/TRENDY_Emulator_Scripts/NewModel/scripts/preprocessing/model_outputs/data/4.misc/SDGVM_S1_nbp.nc,monthly
293,299.0,SDGVM,S1,ra,/Net/Groups/BGI/people/ecathain/TRENDY_Emulator_Scripts/NewModel/scripts/preprocessing/model_outputs/data/4.misc/SDGVM_S1_ra.nc,monthly
294,300.0,SDGVM,S1,gpp,/Net/Groups/BGI/people/ecathain/TRENDY_Emulator_Scripts/NewModel/scripts/preprocessing/model_outputs/data/4.misc/SDGVM_S1_gpp.nc,monthly
295,301.0,SDGVM,S1,cSoil,/Net/Groups/BGI/people/ecathain/TRENDY_Emulator_Scripts/NewModel/scripts/preprocessing/model_outputs/data/4.misc/SDGVM_S1_cSoil.nc,annual
296,302.0,SDGVM,S1,rh,/Net/Groups/BGI/people/ecathain/TRENDY_Emulator_Scripts/NewModel/scripts/preprocessing/model_outputs/data/4.misc/SDGVM_S1_rh.nc,monthly
297,303.0,SDGVM,S1,mrso,/Net/Groups/BGI/people/ecathain/TRENDY_Emulator_Scripts/NewModel/scripts/preprocessing/model_outputs/data/4.misc/SDGVM_S1_mrso.nc,monthly
298,304.0,SDGVM,S1,cLitter,/Net/Groups/BGI/people/ecathain/TRENDY_Emulator_Scripts/NewModel/scripts/preprocessing/model_outputs/data/4.misc/SDGVM_S1_cLitter.nc,annual
299,305.0,SDGVM,S1,fLuc,/Net/Groups/BGI/people/ecathain/TRENDY_Emulator_Scripts/NewModel/scripts/preprocessing/model_outputs/data/4.misc/SDGVM_S1_fLuc.nc,monthly
300,306.0,SDGVM,S1,fFire,/Net/Groups/BGI/people/ecathain/TRENDY_Emulator_Scripts/NewModel/scripts/preprocessing/model_outputs/data/4.misc/SDGVM_S1_fFire.nc,monthly
301,307.0,SDGVM,S1,npp,/Net/Groups/BGI/people/ecathain/TRENDY_Emulator_Scripts/NewModel/scripts/preprocessing/model_outputs/data/4.misc/SDGVM_S1_npp.nc,monthly
302,308.0,SDGVM,S2,mrro,/Net/Groups/BGI/people/ecathain/TRENDY_Emulator_Scripts/NewModel/scripts/preprocessing/model_outputs/data/4.misc/SDGVM_S2_mrro.nc,monthly
303,309.0,SDGVM,S2,evapotrans,/Net/Groups/BGI/people/ecathain/TRENDY_Emulator_Scripts/NewModel/scripts/preprocessing/model_outputs/data/4.misc/SDGVM_S2_evapotrans.nc,monthly
304,310.0,SDGVM,S2,cVeg,/Net/Groups/BGI/people/ecathain/TRENDY_Emulator_Scripts/NewModel/scripts/preprocessing/model_outputs/data/4.misc/SDGVM_S2_cVeg.nc,annual
305,311.0,SDGVM,S2,lai,/Net/Groups/BGI/people/ecathain/TRENDY_Emulator_Scripts/NewModel/scripts/preprocessing/model_outputs/data/4.misc/SDGVM_S2_lai.nc,monthly
306,312.0,SDGVM,S2,nbp,/Net/Groups/BGI/people/ecathain/TRENDY_Emulator_Scripts/NewModel/scripts/preprocessing/model_outputs/data/4.misc/SDGVM_S2_nbp.nc,monthly
307,313.0,SDGVM,S2,ra,/Net/Groups/BGI/people/ecathain/TRENDY_Emulator_Scripts/NewModel/scripts/preprocessing/model_outputs/data/4.misc/SDGVM_S2_ra.nc,monthly
308,314.0,SDGVM,S2,gpp,/Net/Groups/BGI/people/ecathain/TRENDY_Emulator_Scripts/NewModel/scripts/preprocessing/model_outputs/data/4.misc/SDGVM_S2_gpp.nc,monthly
309,315.0,SDGVM,S2,cSoil,/Net/Groups/BGI/people/ecathain/TRENDY_Emulator_Scripts/NewModel/scripts/preprocessing/model_outputs/data/4.misc/SDGVM_S2_cSoil.nc,annual
310,316.0,SDGVM,S2,rh,/Net/Groups/BGI/people/ecathain/TRENDY_Emulator_Scripts/NewModel/scripts/preprocessing/model_outputs/data/4.misc/SDGVM_S2_rh.nc,monthly
311,317.0,SDGVM,S2,mrso,/Net/Groups/BGI/people/ecathain/TRENDY_Emulator_Scripts/NewModel/scripts/preprocessing/model_outputs/data/4.misc/SDGVM_S2_mrso.nc,monthly
312,318.0,SDGVM,S2,cLitter,/Net/Groups/BGI/people/ecathain/TRENDY_Emulator_Scripts/NewModel/scripts/preprocessing/model_outputs/data/4.misc/SDGVM_S2_cLitter.nc,annual
313,319.0,SDGVM,S2,fLuc,/Net/Groups/BGI/people/ecathain/TRENDY_Emulator_Scripts/NewModel/scripts/preprocessing/model_outputs/data/4.misc/SDGVM_S2_fLuc.nc,monthly
314,320.0,SDGVM,S2,fFire,/Net/Groups/BGI/people/ecathain/TRENDY_Emulator_Scripts/NewModel/scripts/preprocessing/model_outputs/data/4.misc/SDGVM_S2_fFire.nc,monthly
315,321.0,SDGVM,S2,npp,/Net/Groups/BGI/people/ecathain/TRENDY_Emulator_Scripts/NewModel/scripts/preprocessing/model_outputs/data/4.misc/SDGVM_S2_npp.nc,monthly
316,322.0,SDGVM,S3,mrro,/Net/Groups/BGI/people/ecathain/TRENDY_Emulator_Scripts/NewModel/scripts/preprocessing/model_outputs/data/4.misc/SDGVM_S3_mrro.nc,monthly
317,323.0,SDGVM,S3,evapotrans,/Net/Groups/BGI/people/ecathain/TRENDY_Emulator_Scripts/NewModel/scripts/preprocessing/model_outputs/data/4.misc/SDGVM_S3_evapotrans.nc,monthly
318,324.0,SDGVM,S3,cVeg,/Net/Groups/BGI/people/ecathain/TRENDY_Emulator_Scripts/NewModel/scripts/preprocessing/model_outputs/data/4.misc/SDGVM_S3_cVeg.nc,annual
319,325.0,SDGVM,S3,lai,/Net/Groups/BGI/people/ecathain/TRENDY_Emulator_Scripts/NewModel/scripts/preprocessing/model_outputs/data/4.misc/SDGVM_S3_lai.nc,monthly
320,326.0,SDGVM,S3,nbp,/Net/Groups/BGI/people/ecathain/TRENDY_Emulator_Scripts/NewModel/scripts/preprocessing/model_outputs/data/4.misc/SDGVM_S3_nbp.nc,monthly
321,327.0,SDGVM,S3,ra,/Net/Groups/BGI/people/ecathain/TRENDY_Emulator_Scripts/NewModel/scripts/preprocessing/model_outputs/data/4.misc/SDGVM_S3_ra.nc,monthly
322,328.0,SDGVM,S3,gpp,/Net/Groups/BGI/people/ecathain/TRENDY_Emulator_Scripts/NewModel/scripts/preprocessing/model_outputs/data/4.misc/SDGVM_S3_gpp.nc,monthly
323,329.0,SDGVM,S3,cSoil,/Net/Groups/BGI/people/ecathain/TRENDY_Emulator_Scripts/NewModel/scripts/preprocessing/model_outputs/data/4.misc/SDGVM_S3_cSoil.nc,annual
324,330.0,SDGVM,S3,rh,/Net/Groups/BGI/people/ecathain/TRENDY_Emulator_Scripts/NewModel/scripts/preprocessing/model_outputs/data/4.misc/SDGVM_S3_rh.nc,monthly
325,331.0,SDGVM,S3,mrso,/Net/Groups/BGI/people/ecathain/TRENDY_Emulator_Scripts/NewModel/scripts/preprocessing/model_outputs/data/4.misc/SDGVM_S3_mrso.nc,monthly
326,332.0,SDGVM,S3,cLitter,/Net/Groups/BGI/people/ecathain/TRENDY_Emulator_Scripts/NewModel/scripts/preprocessing/model_outputs/data/4.misc/SDGVM_S3_cLitter.nc,annual
327,333.0,SDGVM,S3,fLuc,/Net/Groups/BGI/people/ecathain/TRENDY_Emulator_Scripts/NewModel/scripts/preprocessing/model_outputs/data/4.misc/SDGVM_S3_fLuc.nc,monthly
328,334.0,SDGVM,S3,fFire,/Net/Groups/BGI/people/ecathain/TRENDY_Emulator_Scripts/NewModel/scripts/preprocessing/model_outputs/data/4.misc/SDGVM_S3_fFire.nc,monthly
329,335.0,SDGVM,S3,npp,/Net/Groups/BGI/people/ecathain/TRENDY_Emulator_Scripts/NewModel/scripts/preprocessing/model_outputs/data/4.misc/SDGVM_S3_npp.nc,monthly
330,336.0,VISIT,S0,mrro,/Net/Groups/BGI/people/ecathain/TRENDY_Emulator_Scripts/NewModel/scripts/preprocessing/model_outputs/data/4.misc/VISIT_S0_mrro.nc,monthly
331,337.0,VISIT,S0,evapotrans,/Net/Groups/BGI/people/ecathain/TRENDY_Emulator_Scripts/NewModel/scripts/preprocessing/model_outputs/data/4.misc/VISIT_S0_evapotrans.nc,monthly
332,338.0,VISIT,S0,cVeg,/Net/Groups/BGI/people/ecathain/TRENDY_Emulator_Scripts/NewModel/scripts/preprocessing/model_outputs/data/4.misc/VISIT_S0_cVeg.nc,annual
333,339.0,VISIT,S0,lai,/Net/Groups/BGI/people/ecathain/TRENDY_Emulator_Scripts/NewModel/scripts/preprocessing/model_outputs/data/4.misc/VISIT_S0_lai.nc,monthly
334,340.0,VISIT,S0,nbp,/Net/Groups/BGI/people/ecathain/TRENDY_Emulator_Scripts/NewModel/scripts/preprocessing/model_outputs/data/4.misc/VISIT_S0_nbp.nc,monthly
335,341.0,VISIT,S0,ra,/Net/Groups/BGI/people/ecathain/TRENDY_Emulator_Scripts/NewModel/scripts/preprocessing/model_outputs/data/4.misc/VISIT_S0_ra.nc,monthly
336,342.0,VISIT,S0,gpp,/Net/Groups/BGI/people/ecathain/TRENDY_Emulator_Scripts/NewModel/scripts/preprocessing/model_outputs/data/4.misc/VISIT_S0_gpp.nc,monthly
337,343.0,VISIT,S0,cSoil,/Net/Groups/BGI/people/ecathain/TRENDY_Emulator_Scripts/NewModel/scripts/preprocessing/model_outputs/data/4.misc/VISIT_S0_cSoil.nc,annual
338,344.0,VISIT,S0,rh,/Net/Groups/BGI/people/ecathain/TRENDY_Emulator_Scripts/NewModel/scripts/preprocessing/model_outputs/data/4.misc/VISIT_S0_rh.nc,monthly
339,345.0,VISIT,S0,mrso,/Net/Groups/BGI/people/ecathain/TRENDY_Emulator_Scripts/NewModel/scripts/preprocessing/model_outputs/data/4.misc/VISIT_S0_mrso.nc,monthly
340,346.0,VISIT,S0,cLitter,/Net/Groups/BGI/people/ecathain/TRENDY_Emulator_Scripts/NewModel/scripts/preprocessing/model_outputs/data/4.misc/VISIT_S0_cLitter.nc,annual
341,347.0,VISIT,S0,fLuc,/Net/Groups/BGI/people/ecathain/TRENDY_Emulator_Scripts/NewModel/scripts/preprocessing/model_outputs/data/4.misc/VISIT_S0_fLuc.nc,monthly
342,348.0,VISIT,S0,fFire,/Net/Groups/BGI/people/ecathain/TRENDY_Emulator_Scripts/NewModel/scripts/preprocessing/model_outputs/data/4.misc/VISIT_S0_fFire.nc,monthly
343,350.0,VISIT,S1,mrro,/Net/Groups/BGI/people/ecathain/TRENDY_Emulator_Scripts/NewModel/scripts/preprocessing/model_outputs/data/4.misc/VISIT_S1_mrro.nc,monthly
344,351.0,VISIT,S1,evapotrans,/Net/Groups/BGI/people/ecathain/TRENDY_Emulator_Scripts/NewModel/scripts/preprocessing/model_outputs/data/4.misc/VISIT_S1_evapotrans.nc,monthly
345,352.0,VISIT,S1,cVeg,/Net/Groups/BGI/people/ecathain/TRENDY_Emulator_Scripts/NewModel/scripts/preprocessing/model_outputs/data/4.misc/VISIT_S1_cVeg.nc,annual
346,353.0,VISIT,S1,lai,/Net/Groups/BGI/people/ecathain/TRENDY_Emulator_Scripts/NewModel/scripts/preprocessing/model_outputs/data/4.misc/VISIT_S1_lai.nc,monthly
347,354.0,VISIT,S1,nbp,/Net/Groups/BGI/people/ecathain/TRENDY_Emulator_Scripts/NewModel/scripts/preprocessing/model_outputs/data/4.misc/VISIT_S1_nbp.nc,monthly
348,355.0,VISIT,S1,ra,/Net/Groups/BGI/people/ecathain/TRENDY_Emulator_Scripts/NewModel/scripts/preprocessing/model_outputs/data/4.misc/VISIT_S1_ra.nc,monthly
349,356.0,VISIT,S1,gpp,/Net/Groups/BGI/people/ecathain/TRENDY_Emulator_Scripts/NewModel/scripts/preprocessing/model_outputs/data/4.misc/VISIT_S1_gpp.nc,monthly
350,357.0,VISIT,S1,cSoil,/Net/Groups/BGI/people/ecathain/TRENDY_Emulator_Scripts/NewModel/scripts/preprocessing/model_outputs/data/4.misc/VISIT_S1_cSoil.nc,annual
351,358.0,VISIT,S1,rh,/Net/Groups/BGI/people/ecathain/TRENDY_Emulator_Scripts/NewModel/scripts/preprocessing/model_outputs/data/4.misc/VISIT_S1_rh.nc,monthly
352,359.0,VISIT,S1,mrso,/Net/Groups/BGI/people/ecathain/TRENDY_Emulator_Scripts/NewModel/scripts/preprocessing/model_outputs/data/4.misc/VISIT_S1_mrso.nc,monthly
353,360.0,VISIT,S1,cLitter,/Net/Groups/BGI/people/ecathain/TRENDY_Emulator_Scripts/NewModel/scripts/preprocessing/model_outputs/data/4.misc/VISIT_S1_cLitter.nc,annual
354,361.0,VISIT,S1,fLuc,/Net/Groups/BGI/people/ecathain/TRENDY_Emulator_Scripts/NewModel/scripts/preprocessing/model_outputs/data/4.misc/VISIT_S1_fLuc.nc,monthly
355,362.0,VISIT,S1,fFire,/Net/Groups/BGI/people/ecathain/TRENDY_Emulator_Scripts/NewModel/scripts/preprocessing/model_outputs/data/4.misc/VISIT_S1_fFire.nc,monthly
356,364.0,VISIT,S2,mrro,/Net/Groups/BGI/people/ecathain/TRENDY_Emulator_Scripts/NewModel/scripts/preprocessing/model_outputs/data/4.misc/VISIT_S2_mrro.nc,monthly
357,365.0,VISIT,S2,evapotrans,/Net/Groups/BGI/people/ecathain/TRENDY_Emulator_Scripts/NewModel/scripts/preprocessing/model_outputs/data/4.misc/VISIT_S2_evapotrans.nc,monthly
358,366.0,VISIT,S2,cVeg,/Net/Groups/BGI/people/ecathain/TRENDY_Emulator_Scripts/NewModel/scripts/preprocessing/model_outputs/data/4.misc/VISIT_S2_cVeg.nc,annual
359,367.0,VISIT,S2,lai,/Net/Groups/BGI/people/ecathain/TRENDY_Emulator_Scripts/NewModel/scripts/preprocessing/model_outputs/data/4.misc/VISIT_S2_lai.nc,monthly
360,368.0,VISIT,S2,nbp,/Net/Groups/BGI/people/ecathain/TRENDY_Emulator_Scripts/NewModel/scripts/preprocessing/model_outputs/data/4.misc/VISIT_S2_nbp.nc,monthly
361,369.0,VISIT,S2,ra,/Net/Groups/BGI/people/ecathain/TRENDY_Emulator_Scripts/NewModel/scripts/preprocessing/model_outputs/data/4.misc/VISIT_S2_ra.nc,monthly
362,370.0,VISIT,S2,gpp,/Net/Groups/BGI/people/ecathain/TRENDY_Emulator_Scripts/NewModel/scripts/preprocessing/model_outputs/data/4.misc/VISIT_S2_gpp.nc,monthly
363,371.0,VISIT,S2,cSoil,/Net/Groups/BGI/people/ecathain/TRENDY_Emulator_Scripts/NewModel/scripts/preprocessing/model_outputs/data/4.misc/VISIT_S2_cSoil.nc,annual
364,372.0,VISIT,S2,rh,/Net/Groups/BGI/people/ecathain/TRENDY_Emulator_Scripts/NewModel/scripts/preprocessing/model_outputs/data/4.misc/VISIT_S2_rh.nc,monthly
365,373.0,VISIT,S2,mrso,/Net/Groups/BGI/people/ecathain/TRENDY_Emulator_Scripts/NewModel/scripts/preprocessing/model_outputs/data/4.misc/VISIT_S2_mrso.nc,monthly
366,374.0,VISIT,S2,cLitter,/Net/Groups/BGI/people/ecathain/TRENDY_Emulator_Scripts/NewModel/scripts/preprocessing/model_outputs/data/4.misc/VISIT_S2_cLitter.nc,annual
367,375.0,VISIT,S2,fLuc,/Net/Groups/BGI/people/ecathain/TRENDY_Emulator_Scripts/NewModel/scripts/preprocessing/model_outputs/data/4.misc/VISIT_S2_fLuc.nc,monthly
368,376.0,VISIT,S2,fFire,/Net/Groups/BGI/people/ecathain/TRENDY_Emulator_Scripts/NewModel/scripts/preprocessing/model_outputs/data/4.misc/VISIT_S2_fFire.nc,monthly
369,378.0,VISIT,S3,mrro,/Net/Groups/BGI/people/ecathain/TRENDY_Emulator_Scripts/NewModel/scripts/preprocessing/model_outputs/data/4.misc/VISIT_S3_mrro.nc,monthly
370,379.0,VISIT,S3,evapotrans,/Net/Groups/BGI/people/ecathain/TRENDY_Emulator_Scripts/NewModel/scripts/preprocessing/model_outputs/data/4.misc/VISIT_S3_evapotrans.nc,monthly
371,380.0,VISIT,S3,cVeg,/Net/Groups/BGI/people/ecathain/TRENDY_Emulator_Scripts/NewModel/scripts/preprocessing/model_outputs/data/4.misc/VISIT_S3_cVeg.nc,annual
372,381.0,VISIT,S3,lai,/Net/Groups/BGI/people/ecathain/TRENDY_Emulator_Scripts/NewModel/scripts/preprocessing/model_outputs/data/4.misc/VISIT_S3_lai.nc,monthly
373,382.0,VISIT,S3,nbp,/Net/Groups/BGI/people/ecathain/TRENDY_Emulator_Scripts/NewModel/scripts/preprocessing/model_outputs/data/4.misc/VISIT_S3_nbp.nc,monthly
374,383.0,VISIT,S3,ra,/Net/Groups/BGI/people/ecathain/TRENDY_Emulator_Scripts/NewModel/scripts/preprocessing/model_outputs/data/4.misc/VISIT_S3_ra.nc,monthly
375,384.0,VISIT,S3,gpp,/Net/Groups/BGI/people/ecathain/TRENDY_Emulator_Scripts/NewModel/scripts/preprocessing/model_outputs/data/4.misc/VISIT_S3_gpp.nc,monthly
376,385.0,VISIT,S3,cSoil,/Net/Groups/BGI/people/ecathain/TRENDY_Emulator_Scripts/NewModel/scripts/preprocessing/model_outputs/data/4.misc/VISIT_S3_cSoil.nc,annual
377,386.0,VISIT,S3,rh,/Net/Groups/BGI/people/ecathain/TRENDY_Emulator_Scripts/NewModel/scripts/preprocessing/model_outputs/data/4.misc/VISIT_S3_rh.nc,monthly
378,387.0,VISIT,S3,mrso,/Net/Groups/BGI/people/ecathain/TRENDY_Emulator_Scripts/NewModel/scripts/preprocessing/model_outputs/data/4.misc/VISIT_S3_mrso.nc,monthly
379,388.0,VISIT,S3,cLitter,/Net/Groups/BGI/people/ecathain/TRENDY_Emulator_Scripts/NewModel/scripts/preprocessing/model_outputs/data/4.misc/VISIT_S3_cLitter.nc,annual
380,389.0,VISIT,S3,fLuc,/Net/Groups/BGI/people/ecathain/TRENDY_Emulator_Scripts/NewModel/scripts/preprocessing/model_outputs/data/4.misc/VISIT_S3_fLuc.nc,monthly
381,390.0,VISIT,S3,fFire,/Net/Groups/BGI/people/ecathain/TRENDY_Emulator_Scripts/NewModel/scripts/preprocessing/model_outputs/data/4.misc/VISIT_S3_fFire.nc,monthly
382,392.0,VISIT-UT,S0,mrro,/Net/Groups/BGI/people/ecathain/TRENDY_Emulator_Scripts/NewModel/scripts/preprocessing/model_outputs/data/4.misc/VISIT-UT_S0_mrro.nc,monthly
383,393.0,VISIT-UT,S0,evapotrans,/Net/Groups/BGI/people/ecathain/TRENDY_Emulator_Scripts/NewModel/scripts/preprocessing/model_outputs/data/4.misc/VISIT-UT_S0_evapotrans.nc,monthly
384,394.0,VISIT-UT,S0,cVeg,/Net/Groups/BGI/people/ecathain/TRENDY_Emulator_Scripts/NewModel/scripts/preprocessing/model_outputs/data/4.misc/VISIT-UT_S0_cVeg.nc,annual
385,395.0,VISIT-UT,S0,lai,/Net/Groups/BGI/people/ecathain/TRENDY_Emulator_Scripts/NewModel/scripts/preprocessing/model_outputs/data/4.misc/VISIT-UT_S0_lai.nc,monthly
386,396.0,VISIT-UT,S0,nbp,/Net/Groups/BGI/people/ecathain/TRENDY_Emulator_Scripts/NewModel/scripts/preprocessing/model_outputs/data/4.misc/VISIT-UT_S0_nbp.nc,monthly
387,397.0,VISIT-UT,S0,ra,/Net/Groups/BGI/people/ecathain/TRENDY_Emulator_Scripts/NewModel/scripts/preprocessing/model_outputs/data/4.misc/VISIT-UT_S0_ra.nc,monthly
388,398.0,VISIT-UT,S0,gpp,/Net/Groups/BGI/people/ecathain/TRENDY_Emulator_Scripts/NewModel/scripts/preprocessing/model_outputs/data/4.misc/VISIT-UT_S0_gpp.nc,monthly
389,399.0,VISIT-UT,S0,cSoil,/Net/Groups/BGI/people/ecathain/TRENDY_Emulator_Scripts/NewModel/scripts/preprocessing/model_outputs/data/4.misc/VISIT-UT_S0_cSoil.nc,annual
390,400.0,VISIT-UT,S0,rh,/Net/Groups/BGI/people/ecathain/TRENDY_Emulator_Scripts/NewModel/scripts/preprocessing/model_outputs/data/4.misc/VISIT-UT_S0_rh.nc,monthly
391,401.0,VISIT-UT,S0,mrso,/Net/Groups/BGI/people/ecathain/TRENDY_Emulator_Scripts/NewModel/scripts/preprocessing/model_outputs/data/4.misc/VISIT-UT_S0_mrso.nc,monthly
392,402.0,VISIT-UT,S0,cLitter,/Net/Groups/BGI/people/ecathain/TRENDY_Emulator_Scripts/NewModel/scripts/preprocessing/model_outputs/data/4.misc/VISIT-UT_S0_cLitter.nc,annual
393,403.0,VISIT-UT,S0,fLuc,/Net/Groups/BGI/people/ecathain/TRENDY_Emulator_Scripts/NewModel/scripts/preprocessing/model_outputs/data/4.misc/VISIT-UT_S0_fLuc.nc,monthly
394,404.0,VISIT-UT,S0,fFire,/Net/Groups/BGI/people/ecathain/TRENDY_Emulator_Scripts/NewModel/scripts/preprocessing/model_outputs/data/4.misc/VISIT-UT_S0_fFire.nc,monthly
395,405.0,VISIT-UT,S0,npp,/Net/Groups/BGI/people/ecathain/TRENDY_Emulator_Scripts/NewModel/scripts/preprocessing/model_outputs/data/4.misc/VISIT-UT_S0_npp.nc,monthly
396,406.0,VISIT-UT,S1,mrro,/Net/Groups/BGI/people/ecathain/TRENDY_Emulator_Scripts/NewModel/scripts/preprocessing/model_outputs/data/4.misc/VISIT-UT_S1_mrro.nc,monthly
397,407.0,VISIT-UT,S1,evapotrans,/Net/Groups/BGI/people/ecathain/TRENDY_Emulator_Scripts/NewModel/scripts/preprocessing/model_outputs/data/4.misc/VISIT-UT_S1_evapotrans.nc,monthly
398,408.0,VISIT-UT,S1,cVeg,/Net/Groups/BGI/people/ecathain/TRENDY_Emulator_Scripts/NewModel/scripts/preprocessing/model_outputs/data/4.misc/VISIT-UT_S1_cVeg.nc,annual
399,409.0,VISIT-UT,S1,lai,/Net/Groups/BGI/people/ecathain/TRENDY_Emulator_Scripts/NewModel/scripts/preprocessing/model_outputs/data/4.misc/VISIT-UT_S1_lai.nc,monthly
400,410.0,VISIT-UT,S1,nbp,/Net/Groups/BGI/people/ecathain/TRENDY_Emulator_Scripts/NewModel/scripts/preprocessing/model_outputs/data/4.misc/VISIT-UT_S1_nbp.nc,monthly
401,411.0,VISIT-UT,S1,ra,/Net/Groups/BGI/people/ecathain/TRENDY_Emulator_Scripts/NewModel/scripts/preprocessing/model_outputs/data/4.misc/VISIT-UT_S1_ra.nc,monthly
402,412.0,VISIT-UT,S1,gpp,/Net/Groups/BGI/people/ecathain/TRENDY_Emulator_Scripts/NewModel/scripts/preprocessing/model_outputs/data/4.misc/VISIT-UT_S1_gpp.nc,monthly
403,413.0,VISIT-UT,S1,cSoil,/Net/Groups/BGI/people/ecathain/TRENDY_Emulator_Scripts/NewModel/scripts/preprocessing/model_outputs/data/4.misc/VISIT-UT_S1_cSoil.nc,annual
404,414.0,VISIT-UT,S1,rh,/Net/Groups/BGI/people/ecathain/TRENDY_Emulator_Scripts/NewModel/scripts/preprocessing/model_outputs/data/4.misc/VISIT-UT_S1_rh.nc,monthly
405,415.0,VISIT-UT,S1,mrso,/Net/Groups/BGI/people/ecathain/TRENDY_Emulator_Scripts/NewModel/scripts/preprocessing/model_outputs/data/4.misc/VISIT-UT_S1_mrso.nc,monthly
406,416.0,VISIT-UT,S1,cLitter,/Net/Groups/BGI/people/ecathain/TRENDY_Emulator_Scripts/NewModel/scripts/preprocessing/model_outputs/data/4.misc/VISIT-UT_S1_cLitter.nc,annual
407,417.0,VISIT-UT,S1,fLuc,/Net/Groups/BGI/people/ecathain/TRENDY_Emulator_Scripts/NewModel/scripts/preprocessing/model_outputs/data/4.misc/VISIT-UT_S1_fLuc.nc,monthly
408,418.0,VISIT-UT,S1,fFire,/Net/Groups/BGI/people/ecathain/TRENDY_Emulator_Scripts/NewModel/scripts/preprocessing/model_outputs/data/4.misc/VISIT-UT_S1_fFire.nc,monthly
409,419.0,VISIT-UT,S1,npp,/Net/Groups/BGI/people/ecathain/TRENDY_Emulator_Scripts/NewModel/scripts/preprocessing/model_outputs/data/4.misc/VISIT-UT_S1_npp.nc,monthly
410,420.0,VISIT-UT,S2,mrro,/Net/Groups/BGI/people/ecathain/TRENDY_Emulator_Scripts/NewModel/scripts/preprocessing/model_outputs/data/4.misc/VISIT-UT_S2_mrro.nc,monthly
411,421.0,VISIT-UT,S2,evapotrans,/Net/Groups/BGI/people/ecathain/TRENDY_Emulator_Scripts/NewModel/scripts/preprocessing/model_outputs/data/4.misc/VISIT-UT_S2_evapotrans.nc,monthly
412,422.0,VISIT-UT,S2,cVeg,/Net/Groups/BGI/people/ecathain/TRENDY_Emulator_Scripts/NewModel/scripts/preprocessing/model_outputs/data/4.misc/VISIT-UT_S2_cVeg.nc,annual
413,423.0,VISIT-UT,S2,lai,/Net/Groups/BGI/people/ecathain/TRENDY_Emulator_Scripts/NewModel/scripts/preprocessing/model_outputs/data/4.misc/VISIT-UT_S2_lai.nc,monthly
414,424.0,VISIT-UT,S2,nbp,/Net/Groups/BGI/people/ecathain/TRENDY_Emulator_Scripts/NewModel/scripts/preprocessing/model_outputs/data/4.misc/VISIT-UT_S2_nbp.nc,monthly
415,425.0,VISIT-UT,S2,ra,/Net/Groups/BGI/people/ecathain/TRENDY_Emulator_Scripts/NewModel/scripts/preprocessing/model_outputs/data/4.misc/VISIT-UT_S2_ra.nc,monthly
416,426.0,VISIT-UT,S2,gpp,/Net/Groups/BGI/people/ecathain/TRENDY_Emulator_Scripts/NewModel/scripts/preprocessing/model_outputs/data/4.misc/VISIT-UT_S2_gpp.nc,monthly
417,427.0,VISIT-UT,S2,cSoil,/Net/Groups/BGI/people/ecathain/TRENDY_Emulator_Scripts/NewModel/scripts/preprocessing/model_outputs/data/4.misc/VISIT-UT_S2_cSoil.nc,annual
418,428.0,VISIT-UT,S2,rh,/Net/Groups/BGI/people/ecathain/TRENDY_Emulator_Scripts/NewModel/scripts/preprocessing/model_outputs/data/4.misc/VISIT-UT_S2_rh.nc,monthly
419,429.0,VISIT-UT,S2,mrso,/Net/Groups/BGI/people/ecathain/TRENDY_Emulator_Scripts/NewModel/scripts/preprocessing/model_outputs/data/4.misc/VISIT-UT_S2_mrso.nc,monthly
420,430.0,VISIT-UT,S2,cLitter,/Net/Groups/BGI/people/ecathain/TRENDY_Emulator_Scripts/NewModel/scripts/preprocessing/model_outputs/data/4.misc/VISIT-UT_S2_cLitter.nc,annual
421,431.0,VISIT-UT,S2,fLuc,/Net/Groups/BGI/people/ecathain/TRENDY_Emulator_Scripts/NewModel/scripts/preprocessing/model_outputs/data/4.misc/VISIT-UT_S2_fLuc.nc,monthly
422,432.0,VISIT-UT,S2,fFire,/Net/Groups/BGI/people/ecathain/TRENDY_Emulator_Scripts/NewModel/scripts/preprocessing/model_outputs/data/4.misc/VISIT-UT_S2_fFire.nc,monthly
423,433.0,VISIT-UT,S2,npp,/Net/Groups/BGI/people/ecathain/TRENDY_Emulator_Scripts/NewModel/scripts/preprocessing/model_outputs/data/4.misc/VISIT-UT_S2_npp.nc,monthly
424,434.0,VISIT-UT,S3,mrro,/Net/Groups/BGI/people/ecathain/TRENDY_Emulator_Scripts/NewModel/scripts/preprocessing/model_outputs/data/4.misc/VISIT-UT_S3_mrro.nc,monthly
425,435.0,VISIT-UT,S3,evapotrans,/Net/Groups/BGI/people/ecathain/TRENDY_Emulator_Scripts/NewModel/scripts/preprocessing/model_outputs/data/4.misc/VISIT-UT_S3_evapotrans.nc,monthly
426,436.0,VISIT-UT,S3,cVeg,/Net/Groups/BGI/people/ecathain/TRENDY_Emulator_Scripts/NewModel/scripts/preprocessing/model_outputs/data/4.misc/VISIT-UT_S3_cVeg.nc,annual
427,437.0,VISIT-UT,S3,lai,/Net/Groups/BGI/people/ecathain/TRENDY_Emulator_Scripts/NewModel/scripts/preprocessing/model_outputs/data/4.misc/VISIT-UT_S3_lai.nc,monthly
428,438.0,VISIT-UT,S3,nbp,/Net/Groups/BGI/people/ecathain/TRENDY_Emulator_Scripts/NewModel/scripts/preprocessing/model_outputs/data/4.misc/VISIT-UT_S3_nbp.nc,monthly
429,439.0,VISIT-UT,S3,ra,/Net/Groups/BGI/people/ecathain/TRENDY_Emulator_Scripts/NewModel/scripts/preprocessing/model_outputs/data/4.misc/VISIT-UT_S3_ra.nc,monthly
430,440.0,VISIT-UT,S3,gpp,/Net/Groups/BGI/people/ecathain/TRENDY_Emulator_Scripts/NewModel/scripts/preprocessing/model_outputs/data/4.misc/VISIT-UT_S3_gpp.nc,monthly
431,441.0,VISIT-UT,S3,cSoil,/Net/Groups/BGI/people/ecathain/TRENDY_Emulator_Scripts/NewModel/scripts/preprocessing/model_outputs/data/4.misc/VISIT-UT_S3_cSoil.nc,annual
432,442.0,VISIT-UT,S3,rh,/Net/Groups/BGI/people/ecathain/TRENDY_Emulator_Scripts/NewModel/scripts/preprocessing/model_outputs/data/4.misc/VISIT-UT_S3_rh.nc,monthly
433,443.0,VISIT-UT,S3,mrso,/Net/Groups/BGI/people/ecathain/TRENDY_Emulator_Scripts/NewModel/scripts/preprocessing/model_outputs/data/4.misc/VISIT-UT_S3_mrso.nc,monthly
434,444.0,VISIT-UT,S3,cLitter,/Net/Groups/BGI/people/ecathain/TRENDY_Emulator_Scripts/NewModel/scripts/preprocessing/model_outputs/data/4.misc/VISIT-UT_S3_cLitter.nc,annual
435,445.0,VISIT-UT,S3,fLuc,/Net/Groups/BGI/people/ecathain/TRENDY_Emulator_Scripts/NewModel/scripts/preprocessing/model_outputs/data/4.misc/VISIT-UT_S3_fLuc.nc,monthly
436,446.0,VISIT-UT,S3,fFire,/Net/Groups/BGI/people/ecathain/TRENDY_Emulator_Scripts/NewModel/scripts/preprocessing/model_outputs/data/4.misc/VISIT-UT_S3_fFire.nc,monthly
437,447.0,VISIT-UT,S3,npp,/Net/Groups/BGI/people/ecathain/TRENDY_Emulator_Scripts/NewModel/scripts/preprocessing/model_outputs/data/4.misc/VISIT-UT_S3_npp.nc,monthly
438,,VISIT,S0,cTotal_monthly,/Net/Groups/BGI/people/ecathain/TRENDY_Emulator_Scripts/NewModel/scripts/preprocessing/model_outputs/data/4.misc/VISIT_S0_cTotal_monthly.nc,monthly
439,,VISIT,S0,cTotal_annual,/Net/Groups/BGI/people/ecathain/TRENDY_Emulator_Scripts/NewModel/scripts/preprocessing/model_outputs/data/4.misc/VISIT_S0_cTotal_annual.nc,annual
440,,VISIT,S1,cTotal_monthly,/Net/Groups/BGI/people/ecathain/TRENDY_Emulator_Scripts/NewModel/scripts/preprocessing/model_outputs/data/4.misc/VISIT_S1_cTotal_monthly.nc,monthly
441,,VISIT,S1,cTotal_annual,/Net/Groups/BGI/people/ecathain/TRENDY_Emulator_Scripts/NewModel/scripts/preprocessing/model_outputs/data/4.misc/VISIT_S1_cTotal_annual.nc,annual
442,,VISIT,S2,cTotal_monthly,/Net/Groups/BGI/people/ecathain/TRENDY_Emulator_Scripts/NewModel/scripts/preprocessing/model_outputs/data/4.misc/VISIT_S2_cTotal_monthly.nc,monthly
443,,VISIT,S2,cTotal_annual,/Net/Groups/BGI/people/ecathain/TRENDY_Emulator_Scripts/NewModel/scripts/preprocessing/model_outputs/data/4.misc/VISIT_S2_cTotal_annual.nc,annual
444,,VISIT,S3,cTotal_monthly,/Net/Groups/BGI/people/ecathain/TRENDY_Emulator_Scripts/NewModel/scripts/preprocessing/model_outputs/data/4.misc/VISIT_S3_cTotal_monthly.nc,monthly
445,,VISIT,S3,cTotal_annual,/Net/Groups/BGI/people/ecathain/TRENDY_Emulator_Scripts/NewModel/scripts/preprocessing/model_outputs/data/4.misc/VISIT_S3_cTotal_annual.nc,annual
446,,VISIT-UT,S0,cTotal_monthly,/Net/Groups/BGI/people/ecathain/TRENDY_Emulator_Scripts/NewModel/scripts/preprocessing/model_outputs/data/4.misc/VISIT-UT_S0_cTotal_monthly.nc,monthly
447,,VISIT-UT,S0,cTotal_annual,/Net/Groups/BGI/people/ecathain/TRENDY_Emulator_Scripts/NewModel/scripts/preprocessing/model_outputs/data/4.misc/VISIT-UT_S0_cTotal_annual.nc,annual
448,,VISIT-UT,S1,cTotal_monthly,/Net/Groups/BGI/people/ecathain/TRENDY_Emulator_Scripts/NewModel/scripts/preprocessing/model_outputs/data/4.misc/VISIT-UT_S1_cTotal_monthly.nc,monthly
449,,VISIT-UT,S1,cTotal_annual,/Net/Groups/BGI/people/ecathain/TRENDY_Emulator_Scripts/NewModel/scripts/preprocessing/model_outputs/data/4.misc/VISIT-UT_S1_cTotal_annual.nc,annual
450,,VISIT-UT,S2,cTotal_monthly,/Net/Groups/BGI/people/ecathain/TRENDY_Emulator_Scripts/NewModel/scripts/preprocessing/model_outputs/data/4.misc/VISIT-UT_S2_cTotal_monthly.nc,monthly
451,,VISIT-UT,S2,cTotal_annual,/Net/Groups/BGI/people/ecathain/TRENDY_Emulator_Scripts/NewModel/scripts/preprocessing/model_outputs/data/4.misc/VISIT-UT_S2_cTotal_annual.nc,annual
452,,VISIT-UT,S3,cTotal_monthly,/Net/Groups/BGI/people/ecathain/TRENDY_Emulator_Scripts/NewModel/scripts/preprocessing/model_outputs/data/4.misc/VISIT-UT_S3_cTotal_monthly.nc,monthly
453,,VISIT-UT,S3,cTotal_annual,/Net/Groups/BGI/people/ecathain/TRENDY_Emulator_Scripts/NewModel/scripts/preprocessing/model_outputs/data/4.misc/VISIT-UT_S3_cTotal_annual.nc,annual
454,,ELM,S0,cTotal_monthly,/Net/Groups/BGI/people/ecathain/TRENDY_Emulator_Scripts/NewModel/scripts/preprocessing/model_outputs/data/4.misc/ELM_S0_cTotal_monthly.nc,monthly
455,,ELM,S0,cTotal_annual,/Net/Groups/BGI/people/ecathain/TRENDY_Emulator_Scripts/NewModel/scripts/preprocessing/model_outputs/data/4.misc/ELM_S0_cTotal_annual.nc,annual
456,,ELM,S1,cTotal_monthly,/Net/Groups/BGI/people/ecathain/TRENDY_Emulator_Scripts/NewModel/scripts/preprocessing/model_outputs/data/4.misc/ELM_S1_cTotal_monthly.nc,monthly
457,,ELM,S1,cTotal_annual,/Net/Groups/BGI/people/ecathain/TRENDY_Emulator_Scripts/NewModel/scripts/preprocessing/model_outputs/data/4.misc/ELM_S1_cTotal_annual.nc,annual
458,,ELM,S2,cTotal_monthly,/Net/Groups/BGI/people/ecathain/TRENDY_Emulator_Scripts/NewModel/scripts/preprocessing/model_outputs/data/4.misc/ELM_S2_cTotal_monthly.nc,monthly
459,,ELM,S2,cTotal_annual,/Net/Groups/BGI/people/ecathain/TRENDY_Emulator_Scripts/NewModel/scripts/preprocessing/model_outputs/data/4.misc/ELM_S2_cTotal_annual.nc,annual
460,,ELM,S3,cTotal_monthly,/Net/Groups/BGI/people/ecathain/TRENDY_Emulator_Scripts/NewModel/scripts/preprocessing/model_outputs/data/4.misc/ELM_S3_cTotal_monthly.nc,monthly
461,,ELM,S3,cTotal_annual,/Net/Groups/BGI/people/ecathain/TRENDY_Emulator_Scripts/NewModel/scripts/preprocessing/model_outputs/data/4.misc/ELM_S3_cTotal_annual.nc,annual
462,,ORCHIDEE,S0,cTotal_annual,/Net/Groups/BGI/people/ecathain/TRENDY_Emulator_Scripts/NewModel/scripts/preprocessing/model_outputs/data/4.misc/ORCHIDEE_S0_cTotal_annual.nc,annual
463,,ORCHIDEE,S0,cTotal_monthly,/Net/Groups/BGI/people/ecathain/TRENDY_Emulator_Scripts/NewModel/scripts/preprocessing/model_outputs/data/4.misc/ORCHIDEE_S0_cTotal_monthly.nc,monthly
464,,ORCHIDEE,S1,cTotal_annual,/Net/Groups/BGI/people/ecathain/TRENDY_Emulator_Scripts/NewModel/scripts/preprocessing/model_outputs/data/4.misc/ORCHIDEE_S1_cTotal_annual.nc,annual
465,,ORCHIDEE,S1,cTotal_monthly,/Net/Groups/BGI/people/ecathain/TRENDY_Emulator_Scripts/NewModel/scripts/preprocessing/model_outputs/data/4.misc/ORCHIDEE_S1_cTotal_monthly.nc,monthly
466,,ORCHIDEE,S2,cTotal_annual,/Net/Groups/BGI/people/ecathain/TRENDY_Emulator_Scripts/NewModel/scripts/preprocessing/model_outputs/data/4.misc/ORCHIDEE_S2_cTotal_annual.nc,annual
467,,ORCHIDEE,S2,cTotal_monthly,/Net/Groups/BGI/people/ecathain/TRENDY_Emulator_Scripts/NewModel/scripts/preprocessing/model_outputs/data/4.misc/ORCHIDEE_S2_cTotal_monthly.nc,monthly
468,,ORCHIDEE,S3,cTotal_annual,/Net/Groups/BGI/people/ecathain/TRENDY_Emulator_Scripts/NewModel/scripts/preprocessing/model_outputs/data/4.misc/ORCHIDEE_S3_cTotal_annual.nc,annual
469,,ORCHIDEE,S3,cTotal_monthly,/Net/Groups/BGI/people/ecathain/TRENDY_Emulator_Scripts/NewModel/scripts/preprocessing/model_outputs/data/4.misc/ORCHIDEE_S3_cTotal_monthly.nc,monthly
470,,JSBACH,S0,cTotal_annual,/Net/Groups/BGI/people/ecathain/TRENDY_Emulator_Scripts/NewModel/scripts/preprocessing/model_outputs/data/4.misc/JSBACH_S0_cTotal_annual.nc,annual
471,,JSBACH,S0,cTotal_monthly,/Net/Groups/BGI/people/ecathain/TRENDY_Emulator_Scripts/NewModel/scripts/preprocessing/model_outputs/data/4.misc/JSBACH_S0_cTotal_monthly.nc,monthly
472,,JSBACH,S1,cTotal_annual,/Net/Groups/BGI/people/ecathain/TRENDY_Emulator_Scripts/NewModel/scripts/preprocessing/model_outputs/data/4.misc/JSBACH_S1_cTotal_annual.nc,annual
473,,JSBACH,S1,cTotal_monthly,/Net/Groups/BGI/people/ecathain/TRENDY_Emulator_Scripts/NewModel/scripts/preprocessing/model_outputs/data/4.misc/JSBACH_S1_cTotal_monthly.nc,monthly
474,,JSBACH,S2,cTotal_annual,/Net/Groups/BGI/people/ecathain/TRENDY_Emulator_Scripts/NewModel/scripts/preprocessing/model_outputs/data/4.misc/JSBACH_S2_cTotal_annual.nc,annual
475,,JSBACH,S2,cTotal_monthly,/Net/Groups/BGI/people/ecathain/TRENDY_Emulator_Scripts/NewModel/scripts/preprocessing/model_outputs/data/4.misc/JSBACH_S2_cTotal_monthly.nc,monthly
476,,JSBACH,S3,cTotal_annual,/Net/Groups/BGI/people/ecathain/TRENDY_Emulator_Scripts/NewModel/scripts/preprocessing/model_outputs/data/4.misc/JSBACH_S3_cTotal_annual.nc,annual
477,,JSBACH,S3,cTotal_monthly,/Net/Groups/BGI/people/ecathain/TRENDY_Emulator_Scripts/NewModel/scripts/preprocessing/model_outputs/data/4.misc/JSBACH_S3_cTotal_monthly.nc,monthly
478,,CLASSIC,S0,cTotal_annual,/Net/Groups/BGI/people/ecathain/TRENDY_Emulator_Scripts/NewModel/scripts/preprocessing/model_outputs/data/4.misc/CLASSIC_S0_cTotal_annual.nc,annual
479,,CLASSIC,S0,cTotal_monthly,/Net/Groups/BGI/people/ecathain/TRENDY_Emulator_Scripts/NewModel/scripts/preprocessing/model_outputs/data/4.misc/CLASSIC_S0_cTotal_monthly.nc,monthly
480,,CLASSIC,S1,cTotal_annual,/Net/Groups/BGI/people/ecathain/TRENDY_Emulator_Scripts/NewModel/scripts/preprocessing/model_outputs/data/4.misc/CLASSIC_S1_cTotal_annual.nc,annual
481,,CLASSIC,S1,cTotal_monthly,/Net/Groups/BGI/people/ecathain/TRENDY_Emulator_Scripts/NewModel/scripts/preprocessing/model_outputs/data/4.misc/CLASSIC_S1_cTotal_monthly.nc,monthly
482,,CLASSIC,S2,cTotal_annual,/Net/Groups/BGI/people/ecathain/TRENDY_Emulator_Scripts/NewModel/scripts/preprocessing/model_outputs/data/4.misc/CLASSIC_S2_cTotal_annual.nc,annual
483,,CLASSIC,S2,cTotal_monthly,/Net/Groups/BGI/people/ecathain/TRENDY_Emulator_Scripts/NewModel/scripts/preprocessing/model_outputs/data/4.misc/CLASSIC_S2_cTotal_monthly.nc,monthly
484,,CLASSIC,S3,cTotal_annual,/Net/Groups/BGI/people/ecathain/TRENDY_Emulator_Scripts/NewModel/scripts/preprocessing/model_outputs/data/4.misc/CLASSIC_S3_cTotal_annual.nc,annual
485,,CLASSIC,S3,cTotal_monthly,/Net/Groups/BGI/people/ecathain/TRENDY_Emulator_Scripts/NewModel/scripts/preprocessing/model_outputs/data/4.misc/CLASSIC_S3_cTotal_monthly.nc,monthly
486,,SDGVM,S0,cTotal_annual,/Net/Groups/BGI/people/ecathain/TRENDY_Emulator_Scripts/NewModel/scripts/preprocessing/model_outputs/data/4.misc/SDGVM_S0_cTotal_annual.nc,annual
487,,SDGVM,S0,cTotal_monthly,/Net/Groups/BGI/people/ecathain/TRENDY_Emulator_Scripts/NewModel/scripts/preprocessing/model_outputs/data/4.misc/SDGVM_S0_cTotal_monthly.nc,monthly
488,,SDGVM,S1,cTotal_annual,/Net/Groups/BGI/people/ecathain/TRENDY_Emulator_Scripts/NewModel/scripts/preprocessing/model_outputs/data/4.misc/SDGVM_S1_cTotal_annual.nc,annual
489,,SDGVM,S1,cTotal_monthly,/Net/Groups/BGI/people/ecathain/TRENDY_Emulator_Scripts/NewModel/scripts/preprocessing/model_outputs/data/4.misc/SDGVM_S1_cTotal_monthly.nc,monthly
490,,SDGVM,S2,cTotal_annual,/Net/Groups/BGI/people/ecathain/TRENDY_Emulator_Scripts/NewModel/scripts/preprocessing/model_outputs/data/4.misc/SDGVM_S2_cTotal_annual.nc,annual
491,,SDGVM,S2,cTotal_monthly,/Net/Groups/BGI/people/ecathain/TRENDY_Emulator_Scripts/NewModel/scripts/preprocessing/model_outputs/data/4.misc/SDGVM_S2_cTotal_monthly.nc,monthly
492,,SDGVM,S3,cTotal_annual,/Net/Groups/BGI/people/ecathain/TRENDY_Emulator_Scripts/NewModel/scripts/preprocessing/model_outputs/data/4.misc/SDGVM_S3_cTotal_annual.nc,annual
493,,SDGVM,S3,cTotal_monthly,/Net/Groups/BGI/people/ecathain/TRENDY_Emulator_Scripts/NewModel/scripts/preprocessing/model_outputs/data/4.misc/SDGVM_S3_cTotal_monthly.nc,monthly
494,,CLM5.0,S0,cTotal_annual,/Net/Groups/BGI/people/ecathain/TRENDY_Emulator_Scripts/NewModel/scripts/preprocessing/model_outputs/data/4.misc/CLM5.0_S0_cTotal_annual.nc,annual
495,,CLM5.0,S0,cTotal_monthly,/Net/Groups/BGI/people/ecathain/TRENDY_Emulator_Scripts/NewModel/scripts/preprocessing/model_outputs/data/4.misc/CLM5.0_S0_cTotal_monthly.nc,monthly
496,,CLM5.0,S1,cTotal_annual,/Net/Groups/BGI/people/ecathain/TRENDY_Emulator_Scripts/NewModel/scripts/preprocessing/model_outputs/data/4.misc/CLM5.0_S1_cTotal_annual.nc,annual
497,,CLM5.0,S1,cTotal_monthly,/Net/Groups/BGI/people/ecathain/TRENDY_Emulator_Scripts/NewModel/scripts/preprocessing/model_outputs/data/4.misc/CLM5.0_S1_cTotal_monthly.nc,monthly
498,,CLM5.0,S2,cTotal_annual,/Net/Groups/BGI/people/ecathain/TRENDY_Emulator_Scripts/NewModel/scripts/preprocessing/model_outputs/data/4.misc/CLM5.0_S2_cTotal_annual.nc,annual
499,,CLM5.0,S2,cTotal_monthly,/Net/Groups/BGI/people/ecathain/TRENDY_Emulator_Scripts/NewModel/scripts/preprocessing/model_outputs/data/4.misc/CLM5.0_S2_cTotal_monthly.nc,monthly
500,,CLM5.0,S3,cTotal_annual,/Net/Groups/BGI/people/ecathain/TRENDY_Emulator_Scripts/NewModel/scripts/preprocessing/model_outputs/data/4.misc/CLM5.0_S3_cTotal_annual.nc,annual
501,,CLM5.0,S3,cTotal_monthly,/Net/Groups/BGI/people/ecathain/TRENDY_Emulator_Scripts/NewModel/scripts/preprocessing/model_outputs/data/4.misc/CLM5.0_S3_cTotal_monthly.nc,monthly
502,,CLASSIC,S0,fLuc,/Net/Groups/BGI/people/ecathain/TRENDY_Emulator_Scripts/NewModel/scripts/preprocessing/model_outputs/data/4.misc/CLASSIC_S0_fLuc.nc,monthly
503,,CLASSIC,S1,fLuc,/Net/Groups/BGI/people/ecathain/TRENDY_Emulator_Scripts/NewModel/scripts/preprocessing/model_outputs/data/4.misc/CLASSIC_S1_fLuc.nc,monthly
504,,CLASSIC,S2,fLuc,/Net/Groups/BGI/people/ecathain/TRENDY_Emulator_Scripts/NewModel/scripts/preprocessing/model_outputs/data/4.misc/CLASSIC_S2_fLuc.nc,monthly
505,,ELM,S0,fFire,/Net/Groups/BGI/people/ecathain/TRENDY_Emulator_Scripts/NewModel/scripts/preprocessing/model_outputs/data/4.misc/ELM_S0_fFire.nc,monthly
506,,ELM,S1,fFire,/Net/Groups/BGI/people/ecathain/TRENDY_Emulator_Scripts/NewModel/scripts/preprocessing/model_outputs/data/4.misc/ELM_S1_fFire.nc,monthly
507,,ELM,S2,fFire,/Net/Groups/BGI/people/ecathain/TRENDY_Emulator_Scripts/NewModel/scripts/preprocessing/model_outputs/data/4.misc/ELM_S2_fFire.nc,monthly
508,,VISIT,S0,npp,/Net/Groups/BGI/people/ecathain/TRENDY_Emulator_Scripts/NewModel/scripts/preprocessing/model_outputs/data/4.misc/VISIT_S0_npp.nc,monthly
509,,VISIT,S1,npp,/Net/Groups/BGI/people/ecathain/TRENDY_Emulator_Scripts/NewModel/scripts/preprocessing/model_outputs/data/4.misc/VISIT_S1_npp.nc,monthly
510,,VISIT,S2,npp,/Net/Groups/BGI/people/ecathain/TRENDY_Emulator_Scripts/NewModel/scripts/preprocessing/model_outputs/data/4.misc/VISIT_S2_npp.nc,monthly
511,,VISIT,S3,npp,/Net/Groups/BGI/people/ecathain/TRENDY_Emulator_Scripts/NewModel/scripts/preprocessing/model_outputs/data/4.misc/VISIT_S3_npp.nc,monthly
