,model,scenario,variable,path
0,CLASSIC,S0,mrro,/Net/Groups/BGI/data/DataStructureMDI/DATA/Incoming/trendy/gcb2024/LAND/OUTPUT/CLASSIC/S0/CLASSIC_S0_mrro.nc
1,CLASSIC,S0,evapotrans,/Net/Groups/BGI/data/DataStructureMDI/DATA/Incoming/trendy/gcb2024/LAND/OUTPUT/CLASSIC/S0/CLASSIC_S0_evapotrans.nc
2,CLASSIC,S0,cVeg,/Net/Groups/BGI/data/DataStructureMDI/DATA/Incoming/trendy/gcb2024/LAND/OUTPUT/CLASSIC/S0/CLASSIC_S0_cVeg.nc
3,CLASSIC,S0,lai,/Net/Groups/BGI/data/DataStructureMDI/DATA/Incoming/trendy/gcb2024/LAND/OUTPUT/CLASSIC/S0/CLASSIC_S0_lai.nc
4,CLASSIC,S0,nbp,/Net/Groups/BGI/data/DataStructureMDI/DATA/Incoming/trendy/gcb2024/LAND/OUTPUT/CLASSIC/S0/CLASSIC_S0_nbp.nc
5,CLASSIC,S0,ra,/Net/Groups/BGI/data/DataStructureMDI/DATA/Incoming/trendy/gcb2024/LAND/OUTPUT/CLASSIC/S0/CLASSIC_S0_ra.nc
6,CLASSIC,S0,gpp,/Net/Groups/BGI/data/DataStructureMDI/DATA/Incoming/trendy/gcb2024/LAND/OUTPUT/CLASSIC/S0/CLASSIC_S0_gpp.nc
7,CLASSIC,S0,cSoil,/Net/Groups/BGI/data/DataStructureMDI/DATA/Incoming/trendy/gcb2024/LAND/OUTPUT/CLASSIC/S0/CLASSIC_S0_cSoil.nc
8,CLASSIC,S0,rh,/Net/Groups/BGI/data/DataStructureMDI/DATA/Incoming/trendy/gcb2024/LAND/OUTPUT/CLASSIC/S0/CLASSIC_S0_rh.nc
9,CLASSIC,S0,mrso,/Net/Groups/BGI/data/DataStructureMDI/DATA/Incoming/trendy/gcb2024/LAND/OUTPUT/CLASSIC/S0/CLASSIC_S0_mrso.nc
10,CLASSIC,S0,cLitter,/Net/Groups/BGI/data/DataStructureMDI/DATA/Incoming/trendy/gcb2024/LAND/OUTPUT/CLASSIC/S0/CLASSIC_S0_cLitter.nc
11,CLASSIC,S0,fLuc,
12,CLASSIC,S0,fFire,/Net/Groups/BGI/data/DataStructureMDI/DATA/Incoming/trendy/gcb2024/LAND/OUTPUT/CLASSIC/S0/CLASSIC_S0_fFire.nc
13,CLASSIC,S0,npp,/Net/Groups/BGI/data/DataStructureMDI/DATA/Incoming/trendy/gcb2024/LAND/OUTPUT/CLASSIC/S0/CLASSIC_S0_npp.nc
14,CLASSIC,S1,mrro,/Net/Groups/BGI/data/DataStructureMDI/DATA/Incoming/trendy/gcb2024/LAND/OUTPUT/CLASSIC/S1/CLASSIC_S1_mrro.nc
15,CLASSIC,S1,evapotrans,/Net/Groups/BGI/data/DataStructureMDI/DATA/Incoming/trendy/gcb2024/LAND/OUTPUT/CLASSIC/S1/CLASSIC_S1_evapotrans.nc
16,CLASSIC,S1,cVeg,/Net/Groups/BGI/data/DataStructureMDI/DATA/Incoming/trendy/gcb2024/LAND/OUTPUT/CLASSIC/S1/CLASSIC_S1_cVeg.nc
17,CLASSIC,S1,lai,/Net/Groups/BGI/data/DataStructureMDI/DATA/Incoming/trendy/gcb2024/LAND/OUTPUT/CLASSIC/S1/CLASSIC_S1_lai.nc
18,CLASSIC,S1,nbp,/Net/Groups/BGI/data/DataStructureMDI/DATA/Incoming/trendy/gcb2024/LAND/OUTPUT/CLASSIC/S1/CLASSIC_S1_nbp.nc
19,CLASSIC,S1,ra,/Net/Groups/BGI/data/DataStructureMDI/DATA/Incoming/trendy/gcb2024/LAND/OUTPUT/CLASSIC/S1/CLASSIC_S1_ra.nc
20,CLASSIC,S1,gpp,/Net/Groups/BGI/data/DataStructureMDI/DATA/Incoming/trendy/gcb2024/LAND/OUTPUT/CLASSIC/S1/CLASSIC_S1_gpp.nc
21,CLASSIC,S1,cSoil,/Net/Groups/BGI/data/DataStructureMDI/DATA/Incoming/trendy/gcb2024/LAND/OUTPUT/CLASSIC/S1/CLASSIC_S1_cSoil.nc
22,CLASSIC,S1,rh,/Net/Groups/BGI/data/DataStructureMDI/DATA/Incoming/trendy/gcb2024/LAND/OUTPUT/CLASSIC/S1/CLASSIC_S1_rh.nc
23,CLASSIC,S1,mrso,/Net/Groups/BGI/data/DataStructureMDI/DATA/Incoming/trendy/gcb2024/LAND/OUTPUT/CLASSIC/S1/CLASSIC_S1_mrso.nc
24,CLASSIC,S1,cLitter,/Net/Groups/BGI/data/DataStructureMDI/DATA/Incoming/trendy/gcb2024/LAND/OUTPUT/CLASSIC/S1/CLASSIC_S1_cLitter.nc
25,CLASSIC,S1,fLuc,
26,CLASSIC,S1,fFire,/Net/Groups/BGI/data/DataStructureMDI/DATA/Incoming/trendy/gcb2024/LAND/OUTPUT/CLASSIC/S1/CLASSIC_S1_fFire.nc
27,CLASSIC,S1,npp,/Net/Groups/BGI/data/DataStructureMDI/DATA/Incoming/trendy/gcb2024/LAND/OUTPUT/CLASSIC/S1/CLASSIC_S1_npp.nc
28,CLASSIC,S2,mrro,/Net/Groups/BGI/data/DataStructureMDI/DATA/Incoming/trendy/gcb2024/LAND/OUTPUT/CLASSIC/S2/CLASSIC_S2_mrro.nc
29,CLASSIC,S2,evapotrans,/Net/Groups/BGI/data/DataStructureMDI/DATA/Incoming/trendy/gcb2024/LAND/OUTPUT/CLASSIC/S2/CLASSIC_S2_evapotrans.nc
30,CLASSIC,S2,cVeg,/Net/Groups/BGI/data/DataStructureMDI/DATA/Incoming/trendy/gcb2024/LAND/OUTPUT/CLASSIC/S2/CLASSIC_S2_cVeg.nc
31,CLASSIC,S2,lai,/Net/Groups/BGI/data/DataStructureMDI/DATA/Incoming/trendy/gcb2024/LAND/OUTPUT/CLASSIC/S2/CLASSIC_S2_lai.nc
32,CLASSIC,S2,nbp,/Net/Groups/BGI/data/DataStructureMDI/DATA/Incoming/trendy/gcb2024/LAND/OUTPUT/CLASSIC/S2/CLASSIC_S2_nbp.nc
33,CLASSIC,S2,ra,/Net/Groups/BGI/data/DataStructureMDI/DATA/Incoming/trendy/gcb2024/LAND/OUTPUT/CLASSIC/S2/CLASSIC_S2_ra.nc
34,CLASSIC,S2,gpp,/Net/Groups/BGI/data/DataStructureMDI/DATA/Incoming/trendy/gcb2024/LAND/OUTPUT/CLASSIC/S2/CLASSIC_S2_gpp.nc
35,CLASSIC,S2,cSoil,/Net/Groups/BGI/data/DataStructureMDI/DATA/Incoming/trendy/gcb2024/LAND/OUTPUT/CLASSIC/S2/CLASSIC_S2_cSoil.nc
36,CLASSIC,S2,rh,/Net/Groups/BGI/data/DataStructureMDI/DATA/Incoming/trendy/gcb2024/LAND/OUTPUT/CLASSIC/S2/CLASSIC_S2_rh.nc
37,CLASSIC,S2,mrso,/Net/Groups/BGI/data/DataStructureMDI/DATA/Incoming/trendy/gcb2024/LAND/OUTPUT/CLASSIC/S2/CLASSIC_S2_mrso.nc
38,CLASSIC,S2,cLitter,/Net/Groups/BGI/data/DataStructureMDI/DATA/Incoming/trendy/gcb2024/LAND/OUTPUT/CLASSIC/S2/CLASSIC_S2_cLitter.nc
39,CLASSIC,S2,fLuc,
40,CLASSIC,S2,fFire,/Net/Groups/BGI/data/DataStructureMDI/DATA/Incoming/trendy/gcb2024/LAND/OUTPUT/CLASSIC/S2/CLASSIC_S2_fFire.nc
41,CLASSIC,S2,npp,/Net/Groups/BGI/data/DataStructureMDI/DATA/Incoming/trendy/gcb2024/LAND/OUTPUT/CLASSIC/S2/CLASSIC_S2_npp.nc
42,CLASSIC,S3,mrro,/Net/Groups/BGI/data/DataStructureMDI/DATA/Incoming/trendy/gcb2024/LAND/OUTPUT/CLASSIC/S3/CLASSIC_S3_mrro.nc
43,CLASSIC,S3,evapotrans,/Net/Groups/BGI/data/DataStructureMDI/DATA/Incoming/trendy/gcb2024/LAND/OUTPUT/CLASSIC/S3/CLASSIC_S3_evapotrans.nc
44,CLASSIC,S3,cVeg,/Net/Groups/BGI/data/DataStructureMDI/DATA/Incoming/trendy/gcb2024/LAND/OUTPUT/CLASSIC/S3/CLASSIC_S3_cVeg.nc
45,CLASSIC,S3,lai,/Net/Groups/BGI/data/DataStructureMDI/DATA/Incoming/trendy/gcb2024/LAND/OUTPUT/CLASSIC/S3/CLASSIC_S3_lai.nc
46,CLASSIC,S3,nbp,/Net/Groups/BGI/data/DataStructureMDI/DATA/Incoming/trendy/gcb2024/LAND/OUTPUT/CLASSIC/S3/CLASSIC_S3_nbp.nc
47,CLASSIC,S3,ra,/Net/Groups/BGI/data/DataStructureMDI/DATA/Incoming/trendy/gcb2024/LAND/OUTPUT/CLASSIC/S3/CLASSIC_S3_ra.nc
48,CLASSIC,S3,gpp,/Net/Groups/BGI/data/DataStructureMDI/DATA/Incoming/trendy/gcb2024/LAND/OUTPUT/CLASSIC/S3/CLASSIC_S3_gpp.nc
49,CLASSIC,S3,cSoil,/Net/Groups/BGI/data/DataStructureMDI/DATA/Incoming/trendy/gcb2024/LAND/OUTPUT/CLASSIC/S3/CLASSIC_S3_cSoil.nc
50,CLASSIC,S3,rh,/Net/Groups/BGI/data/DataStructureMDI/DATA/Incoming/trendy/gcb2024/LAND/OUTPUT/CLASSIC/S3/CLASSIC_S3_rh.nc
51,CLASSIC,S3,mrso,/Net/Groups/BGI/data/DataStructureMDI/DATA/Incoming/trendy/gcb2024/LAND/OUTPUT/CLASSIC/S3/CLASSIC_S3_mrso.nc
52,CLASSIC,S3,cLitter,/Net/Groups/BGI/data/DataStructureMDI/DATA/Incoming/trendy/gcb2024/LAND/OUTPUT/CLASSIC/S3/CLASSIC_S3_cLitter.nc
53,CLASSIC,S3,fLuc,/Net/Groups/BGI/data/DataStructureMDI/DATA/Incoming/trendy/gcb2024/LAND/OUTPUT/CLASSIC/S3/CLASSIC_S3_fLuc.nc
54,CLASSIC,S3,fFire,/Net/Groups/BGI/data/DataStructureMDI/DATA/Incoming/trendy/gcb2024/LAND/OUTPUT/CLASSIC/S3/CLASSIC_S3_fFire.nc
55,CLASSIC,S3,npp,/Net/Groups/BGI/data/DataStructureMDI/DATA/Incoming/trendy/gcb2024/LAND/OUTPUT/CLASSIC/S3/CLASSIC_S3_npp.nc
56,CLM5.0,S0,mrro,/Net/Groups/BGI/data/DataStructureMDI/DATA/Incoming/trendy/gcb2024/LAND/OUTPUT/CLM5.0/S0/CLM6.0_S0_mrro.nc
57,CLM5.0,S0,evapotrans,/Net/Groups/BGI/data/DataStructureMDI/DATA/Incoming/trendy/gcb2024/LAND/OUTPUT/CLM5.0/S0/CLM6.0_S0_evapotrans.nc
58,CLM5.0,S0,cVeg,/Net/Groups/BGI/data/DataStructureMDI/DATA/Incoming/trendy/gcb2024/LAND/OUTPUT/CLM5.0/S0/CLM6.0_S0_cVeg.nc
59,CLM5.0,S0,lai,/Net/Groups/BGI/data/DataStructureMDI/DATA/Incoming/trendy/gcb2024/LAND/OUTPUT/CLM5.0/S0/CLM6.0_S0_lai.nc
60,CLM5.0,S0,nbp,/Net/Groups/BGI/data/DataStructureMDI/DATA/Incoming/trendy/gcb2024/LAND/OUTPUT/CLM5.0/S0/CLM6.0_S0_nbp.nc
61,CLM5.0,S0,ra,/Net/Groups/BGI/data/DataStructureMDI/DATA/Incoming/trendy/gcb2024/LAND/OUTPUT/CLM5.0/S0/CLM6.0_S0_ra.nc
62,CLM5.0,S0,gpp,/Net/Groups/BGI/data/DataStructureMDI/DATA/Incoming/trendy/gcb2024/LAND/OUTPUT/CLM5.0/S0/CLM6.0_S0_gpp.nc
63,CLM5.0,S0,cSoil,/Net/Groups/BGI/data/DataStructureMDI/DATA/Incoming/trendy/gcb2024/LAND/OUTPUT/CLM5.0/S0/CLM6.0_S0_cSoil.nc
64,CLM5.0,S0,rh,/Net/Groups/BGI/data/DataStructureMDI/DATA/Incoming/trendy/gcb2024/LAND/OUTPUT/CLM5.0/S0/CLM6.0_S0_rh.nc
65,CLM5.0,S0,mrso,/Net/Groups/BGI/data/DataStructureMDI/DATA/Incoming/trendy/gcb2024/LAND/OUTPUT/CLM5.0/S0/CLM6.0_S0_mrso.nc
66,CLM5.0,S0,cLitter,/Net/Groups/BGI/data/DataStructureMDI/DATA/Incoming/trendy/gcb2024/LAND/OUTPUT/CLM5.0/S0/CLM6.0_S0_cLitter.nc
67,CLM5.0,S0,fLuc,/Net/Groups/BGI/data/DataStructureMDI/DATA/Incoming/trendy/gcb2024/LAND/OUTPUT/CLM5.0/S0/CLM6.0_S0_fLuc.nc
68,CLM5.0,S0,fFire,/Net/Groups/BGI/data/DataStructureMDI/DATA/Incoming/trendy/gcb2024/LAND/OUTPUT/CLM5.0/S0/CLM6.0_S0_fFire.nc
69,CLM5.0,S0,npp,/Net/Groups/BGI/data/DataStructureMDI/DATA/Incoming/trendy/gcb2024/LAND/OUTPUT/CLM5.0/S0/CLM6.0_S0_npp.nc
70,CLM5.0,S1,mrro,/Net/Groups/BGI/data/DataStructureMDI/DATA/Incoming/trendy/gcb2024/LAND/OUTPUT/CLM5.0/S1/CLM6.0_S1_mrro.nc
71,CLM5.0,S1,evapotrans,/Net/Groups/BGI/data/DataStructureMDI/DATA/Incoming/trendy/gcb2024/LAND/OUTPUT/CLM5.0/S1/CLM6.0_S1_evapotrans.nc
72,CLM5.0,S1,cVeg,/Net/Groups/BGI/data/DataStructureMDI/DATA/Incoming/trendy/gcb2024/LAND/OUTPUT/CLM5.0/S1/CLM6.0_S1_cVeg.nc
73,CLM5.0,S1,lai,/Net/Groups/BGI/data/DataStructureMDI/DATA/Incoming/trendy/gcb2024/LAND/OUTPUT/CLM5.0/S1/CLM6.0_S1_lai.nc
74,CLM5.0,S1,nbp,/Net/Groups/BGI/data/DataStructureMDI/DATA/Incoming/trendy/gcb2024/LAND/OUTPUT/CLM5.0/S1/CLM6.0_S1_nbp.nc
75,CLM5.0,S1,ra,/Net/Groups/BGI/data/DataStructureMDI/DATA/Incoming/trendy/gcb2024/LAND/OUTPUT/CLM5.0/S1/CLM6.0_S1_ra.nc
76,CLM5.0,S1,gpp,/Net/Groups/BGI/data/DataStructureMDI/DATA/Incoming/trendy/gcb2024/LAND/OUTPUT/CLM5.0/S1/CLM6.0_S1_gpp.nc
77,CLM5.0,S1,cSoil,/Net/Groups/BGI/data/DataStructureMDI/DATA/Incoming/trendy/gcb2024/LAND/OUTPUT/CLM5.0/S1/CLM6.0_S1_cSoil.nc
78,CLM5.0,S1,rh,/Net/Groups/BGI/data/DataStructureMDI/DATA/Incoming/trendy/gcb2024/LAND/OUTPUT/CLM5.0/S1/CLM6.0_S1_rh.nc
79,CLM5.0,S1,mrso,/Net/Groups/BGI/data/DataStructureMDI/DATA/Incoming/trendy/gcb2024/LAND/OUTPUT/CLM5.0/S1/CLM6.0_S1_mrso.nc
80,CLM5.0,S1,cLitter,/Net/Groups/BGI/data/DataStructureMDI/DATA/Incoming/trendy/gcb2024/LAND/OUTPUT/CLM5.0/S1/CLM6.0_S1_cLitter.nc
81,CLM5.0,S1,fLuc,/Net/Groups/BGI/data/DataStructureMDI/DATA/Incoming/trendy/gcb2024/LAND/OUTPUT/CLM5.0/S1/CLM6.0_S1_fLuc.nc
82,CLM5.0,S1,fFire,/Net/Groups/BGI/data/DataStructureMDI/DATA/Incoming/trendy/gcb2024/LAND/OUTPUT/CLM5.0/S1/CLM6.0_S1_fFire.nc
83,CLM5.0,S1,npp,/Net/Groups/BGI/data/DataStructureMDI/DATA/Incoming/trendy/gcb2024/LAND/OUTPUT/CLM5.0/S1/CLM6.0_S1_npp.nc
84,CLM5.0,S2,mrro,/Net/Groups/BGI/data/DataStructureMDI/DATA/Incoming/trendy/gcb2024/LAND/OUTPUT/CLM5.0/S2/CLM6.0_S2_mrro.nc
85,CLM5.0,S2,evapotrans,/Net/Groups/BGI/data/DataStructureMDI/DATA/Incoming/trendy/gcb2024/LAND/OUTPUT/CLM5.0/S2/CLM6.0_S2_evapotrans.nc
86,CLM5.0,S2,cVeg,/Net/Groups/BGI/data/DataStructureMDI/DATA/Incoming/trendy/gcb2024/LAND/OUTPUT/CLM5.0/S2/CLM6.0_S2_cVeg.nc
87,CLM5.0,S2,lai,/Net/Groups/BGI/data/DataStructureMDI/DATA/Incoming/trendy/gcb2024/LAND/OUTPUT/CLM5.0/S2/CLM6.0_S2_lai.nc
88,CLM5.0,S2,nbp,/Net/Groups/BGI/data/DataStructureMDI/DATA/Incoming/trendy/gcb2024/LAND/OUTPUT/CLM5.0/S2/CLM6.0_S2_nbp.nc
89,CLM5.0,S2,ra,/Net/Groups/BGI/data/DataStructureMDI/DATA/Incoming/trendy/gcb2024/LAND/OUTPUT/CLM5.0/S2/CLM6.0_S2_ra.nc
90,CLM5.0,S2,gpp,/Net/Groups/BGI/data/DataStructureMDI/DATA/Incoming/trendy/gcb2024/LAND/OUTPUT/CLM5.0/S2/CLM6.0_S2_gpp.nc
91,CLM5.0,S2,cSoil,/Net/Groups/BGI/data/DataStructureMDI/DATA/Incoming/trendy/gcb2024/LAND/OUTPUT/CLM5.0/S2/CLM6.0_S2_cSoil.nc
92,CLM5.0,S2,rh,/Net/Groups/BGI/data/DataStructureMDI/DATA/Incoming/trendy/gcb2024/LAND/OUTPUT/CLM5.0/S2/CLM6.0_S2_rh.nc
93,CLM5.0,S2,mrso,/Net/Groups/BGI/data/DataStructureMDI/DATA/Incoming/trendy/gcb2024/LAND/OUTPUT/CLM5.0/S2/CLM6.0_S2_mrso.nc
94,CLM5.0,S2,cLitter,/Net/Groups/BGI/data/DataStructureMDI/DATA/Incoming/trendy/gcb2024/LAND/OUTPUT/CLM5.0/S2/CLM6.0_S2_cLitter.nc
95,CLM5.0,S2,fLuc,/Net/Groups/BGI/data/DataStructureMDI/DATA/Incoming/trendy/gcb2024/LAND/OUTPUT/CLM5.0/S2/CLM6.0_S2_fLuc.nc
96,CLM5.0,S2,fFire,/Net/Groups/BGI/data/DataStructureMDI/DATA/Incoming/trendy/gcb2024/LAND/OUTPUT/CLM5.0/S2/CLM6.0_S2_fFire.nc
97,CLM5.0,S2,npp,/Net/Groups/BGI/data/DataStructureMDI/DATA/Incoming/trendy/gcb2024/LAND/OUTPUT/CLM5.0/S2/CLM6.0_S2_npp.nc
98,CLM5.0,S3,mrro,/Net/Groups/BGI/data/DataStructureMDI/DATA/Incoming/trendy/gcb2024/LAND/OUTPUT/CLM5.0/S3/CLM6.0_S3_mrro.nc
99,CLM5.0,S3,evapotrans,/Net/Groups/BGI/data/DataStructureMDI/DATA/Incoming/trendy/gcb2024/LAND/OUTPUT/CLM5.0/S3/CLM6.0_S3_evapotrans.nc
100,CLM5.0,S3,cVeg,/Net/Groups/BGI/data/DataStructureMDI/DATA/Incoming/trendy/gcb2024/LAND/OUTPUT/CLM5.0/S3/CLM6.0_S3_cVeg.nc
101,CLM5.0,S3,lai,/Net/Groups/BGI/data/DataStructureMDI/DATA/Incoming/trendy/gcb2024/LAND/OUTPUT/CLM5.0/S3/CLM6.0_S3_lai.nc
102,CLM5.0,S3,nbp,/Net/Groups/BGI/data/DataStructureMDI/DATA/Incoming/trendy/gcb2024/LAND/OUTPUT/CLM5.0/S3/CLM6.0_S3_nbp.nc
103,CLM5.0,S3,ra,/Net/Groups/BGI/data/DataStructureMDI/DATA/Incoming/trendy/gcb2024/LAND/OUTPUT/CLM5.0/S3/CLM6.0_S3_ra.nc
104,CLM5.0,S3,gpp,/Net/Groups/BGI/data/DataStructureMDI/DATA/Incoming/trendy/gcb2024/LAND/OUTPUT/CLM5.0/S3/CLM6.0_S3_gpp.nc
105,CLM5.0,S3,cSoil,/Net/Groups/BGI/data/DataStructureMDI/DATA/Incoming/trendy/gcb2024/LAND/OUTPUT/CLM5.0/S3/CLM6.0_S3_cSoil.nc
106,CLM5.0,S3,rh,/Net/Groups/BGI/data/DataStructureMDI/DATA/Incoming/trendy/gcb2024/LAND/OUTPUT/CLM5.0/S3/CLM6.0_S3_rh.nc
107,CLM5.0,S3,mrso,/Net/Groups/BGI/data/DataStructureMDI/DATA/Incoming/trendy/gcb2024/LAND/OUTPUT/CLM5.0/S3/CLM6.0_S3_mrso.nc
108,CLM5.0,S3,cLitter,/Net/Groups/BGI/data/DataStructureMDI/DATA/Incoming/trendy/gcb2024/LAND/OUTPUT/CLM5.0/S3/CLM6.0_S3_cLitter.nc
109,CLM5.0,S3,fLuc,/Net/Groups/BGI/data/DataStructureMDI/DATA/Incoming/trendy/gcb2024/LAND/OUTPUT/CLM5.0/S3/CLM6.0_S3_fLuc.nc
110,CLM5.0,S3,fFire,/Net/Groups/BGI/data/DataStructureMDI/DATA/Incoming/trendy/gcb2024/LAND/OUTPUT/CLM5.0/S3/CLM6.0_S3_fFire.nc
111,CLM5.0,S3,npp,/Net/Groups/BGI/data/DataStructureMDI/DATA/Incoming/trendy/gcb2024/LAND/OUTPUT/CLM5.0/S3/CLM6.0_S3_npp.nc
112,ELM,S0,mrro,/Net/Groups/BGI/data/DataStructureMDI/DATA/Incoming/trendy/gcb2024/LAND/OUTPUT/ELM/S0/E3SM_S0_mrro.nc
113,ELM,S0,evapotrans,/Net/Groups/BGI/data/DataStructureMDI/DATA/Incoming/trendy/gcb2024/LAND/OUTPUT/ELM/S0/E3SM_S0_evapotrans.nc
114,ELM,S0,cVeg,/Net/Groups/BGI/data/DataStructureMDI/DATA/Incoming/trendy/gcb2024/LAND/OUTPUT/ELM/S0/E3SM_S0_cVeg.nc
115,ELM,S0,lai,/Net/Groups/BGI/data/DataStructureMDI/DATA/Incoming/trendy/gcb2024/LAND/OUTPUT/ELM/S0/E3SM_S0_lai.nc
116,ELM,S0,nbp,/Net/Groups/BGI/data/DataStructureMDI/DATA/Incoming/trendy/gcb2024/LAND/OUTPUT/ELM/S0/E3SM_S0_nbp.nc
117,ELM,S0,ra,/Net/Groups/BGI/data/DataStructureMDI/DATA/Incoming/trendy/gcb2024/LAND/OUTPUT/ELM/S0/E3SM_S0_ra.nc
118,ELM,S0,gpp,/Net/Groups/BGI/data/DataStructureMDI/DATA/Incoming/trendy/gcb2024/LAND/OUTPUT/ELM/S0/E3SM_S0_gpp.nc
119,ELM,S0,cSoil,/Net/Groups/BGI/data/DataStructureMDI/DATA/Incoming/trendy/gcb2024/LAND/OUTPUT/ELM/S0/E3SM_S0_cSoil.nc
120,ELM,S0,rh,/Net/Groups/BGI/data/DataStructureMDI/DATA/Incoming/trendy/gcb2024/LAND/OUTPUT/ELM/S0/E3SM_S0_rh.nc
121,ELM,S0,mrso,/Net/Groups/BGI/data/DataStructureMDI/DATA/Incoming/trendy/gcb2024/LAND/OUTPUT/ELM/S0/E3SM_S0_mrso.nc
122,ELM,S0,cLitter,/Net/Groups/BGI/data/DataStructureMDI/DATA/Incoming/trendy/gcb2024/LAND/OUTPUT/ELM/S0/E3SM_S0_cLitter.nc
123,ELM,S0,fLuc,/Net/Groups/BGI/data/DataStructureMDI/DATA/Incoming/trendy/gcb2024/LAND/OUTPUT/ELM/S0/E3SM_S0_fLuc.nc
124,ELM,S0,fFire,
125,ELM,S0,npp,/Net/Groups/BGI/data/DataStructureMDI/DATA/Incoming/trendy/gcb2024/LAND/OUTPUT/ELM/S0/E3SM_S0_npp.nc
126,ELM,S1,mrro,/Net/Groups/BGI/data/DataStructureMDI/DATA/Incoming/trendy/gcb2024/LAND/OUTPUT/ELM/S1/E3SM_S1_mrro.nc
127,ELM,S1,evapotrans,/Net/Groups/BGI/data/DataStructureMDI/DATA/Incoming/trendy/gcb2024/LAND/OUTPUT/ELM/S1/E3SM_S1_evapotrans.nc
128,ELM,S1,cVeg,/Net/Groups/BGI/data/DataStructureMDI/DATA/Incoming/trendy/gcb2024/LAND/OUTPUT/ELM/S1/E3SM_S1_cVeg.nc
129,ELM,S1,lai,/Net/Groups/BGI/data/DataStructureMDI/DATA/Incoming/trendy/gcb2024/LAND/OUTPUT/ELM/S1/E3SM_S1_lai.nc
130,ELM,S1,nbp,/Net/Groups/BGI/data/DataStructureMDI/DATA/Incoming/trendy/gcb2024/LAND/OUTPUT/ELM/S1/E3SM_S1_nbp.nc
131,ELM,S1,ra,/Net/Groups/BGI/data/DataStructureMDI/DATA/Incoming/trendy/gcb2024/LAND/OUTPUT/ELM/S1/E3SM_S1_ra.nc
132,ELM,S1,gpp,/Net/Groups/BGI/data/DataStructureMDI/DATA/Incoming/trendy/gcb2024/LAND/OUTPUT/ELM/S1/E3SM_S1_gpp.nc
133,ELM,S1,cSoil,/Net/Groups/BGI/data/DataStructureMDI/DATA/Incoming/trendy/gcb2024/LAND/OUTPUT/ELM/S1/E3SM_S1_cSoil.nc
134,ELM,S1,rh,/Net/Groups/BGI/data/DataStructureMDI/DATA/Incoming/trendy/gcb2024/LAND/OUTPUT/ELM/S1/E3SM_S1_rh.nc
135,ELM,S1,mrso,/Net/Groups/BGI/data/DataStructureMDI/DATA/Incoming/trendy/gcb2024/LAND/OUTPUT/ELM/S1/E3SM_S1_mrso.nc
136,ELM,S1,cLitter,/Net/Groups/BGI/data/DataStructureMDI/DATA/Incoming/trendy/gcb2024/LAND/OUTPUT/ELM/S1/E3SM_S1_cLitter.nc
137,ELM,S1,fLuc,/Net/Groups/BGI/data/DataStructureMDI/DATA/Incoming/trendy/gcb2024/LAND/OUTPUT/ELM/S1/E3SM_S1_fLuc.nc
138,ELM,S1,fFire,
139,ELM,S1,npp,/Net/Groups/BGI/data/DataStructureMDI/DATA/Incoming/trendy/gcb2024/LAND/OUTPUT/ELM/S1/E3SM_S1_npp.nc
140,ELM,S2,mrro,/Net/Groups/BGI/data/DataStructureMDI/DATA/Incoming/trendy/gcb2024/LAND/OUTPUT/ELM/S2/E3SM_S2_mrro.nc
141,ELM,S2,evapotrans,/Net/Groups/BGI/data/DataStructureMDI/DATA/Incoming/trendy/gcb2024/LAND/OUTPUT/ELM/S2/E3SM_S2_evapotrans.nc
142,ELM,S2,cVeg,/Net/Groups/BGI/data/DataStructureMDI/DATA/Incoming/trendy/gcb2024/LAND/OUTPUT/ELM/S2/E3SM_S2_cVeg.nc
143,ELM,S2,lai,/Net/Groups/BGI/data/DataStructureMDI/DATA/Incoming/trendy/gcb2024/LAND/OUTPUT/ELM/S2/E3SM_S2_lai.nc
144,ELM,S2,nbp,/Net/Groups/BGI/data/DataStructureMDI/DATA/Incoming/trendy/gcb2024/LAND/OUTPUT/ELM/S2/E3SM_S2_nbp.nc
145,ELM,S2,ra,/Net/Groups/BGI/data/DataStructureMDI/DATA/Incoming/trendy/gcb2024/LAND/OUTPUT/ELM/S2/E3SM_S2_ra.nc
146,ELM,S2,gpp,/Net/Groups/BGI/data/DataStructureMDI/DATA/Incoming/trendy/gcb2024/LAND/OUTPUT/ELM/S2/E3SM_S2_gpp.nc
147,ELM,S2,cSoil,/Net/Groups/BGI/data/DataStructureMDI/DATA/Incoming/trendy/gcb2024/LAND/OUTPUT/ELM/S2/E3SM_S2_cSoil.nc
148,ELM,S2,rh,/Net/Groups/BGI/data/DataStructureMDI/DATA/Incoming/trendy/gcb2024/LAND/OUTPUT/ELM/S2/E3SM_S2_rh.nc
149,ELM,S2,mrso,/Net/Groups/BGI/data/DataStructureMDI/DATA/Incoming/trendy/gcb2024/LAND/OUTPUT/ELM/S2/E3SM_S2_mrso.nc
150,ELM,S2,cLitter,/Net/Groups/BGI/data/DataStructureMDI/DATA/Incoming/trendy/gcb2024/LAND/OUTPUT/ELM/S2/E3SM_S2_cLitter.nc
151,ELM,S2,fLuc,/Net/Groups/BGI/data/DataStructureMDI/DATA/Incoming/trendy/gcb2024/LAND/OUTPUT/ELM/S2/E3SM_S2_fLuc.nc
152,ELM,S2,fFire,
153,ELM,S2,npp,/Net/Groups/BGI/data/DataStructureMDI/DATA/Incoming/trendy/gcb2024/LAND/OUTPUT/ELM/S2/E3SM_S2_npp.nc
154,ELM,S3,mrro,/Net/Groups/BGI/data/DataStructureMDI/DATA/Incoming/trendy/gcb2024/LAND/OUTPUT/ELM/S3/E3SM_S3_mrro.nc
155,ELM,S3,evapotrans,/Net/Groups/BGI/data/DataStructureMDI/DATA/Incoming/trendy/gcb2024/LAND/OUTPUT/ELM/S3/E3SM_S3_evapotrans.nc
156,ELM,S3,cVeg,/Net/Groups/BGI/data/DataStructureMDI/DATA/Incoming/trendy/gcb2024/LAND/OUTPUT/ELM/S3/E3SM_S3_cVeg.nc
157,ELM,S3,lai,/Net/Groups/BGI/data/DataStructureMDI/DATA/Incoming/trendy/gcb2024/LAND/OUTPUT/ELM/S3/E3SM_S3_lai.nc
158,ELM,S3,nbp,/Net/Groups/BGI/data/DataStructureMDI/DATA/Incoming/trendy/gcb2024/LAND/OUTPUT/ELM/S3/E3SM_S3_nbp.nc
159,ELM,S3,ra,/Net/Groups/BGI/data/DataStructureMDI/DATA/Incoming/trendy/gcb2024/LAND/OUTPUT/ELM/S3/E3SM_S3_ra.nc
160,ELM,S3,gpp,/Net/Groups/BGI/data/DataStructureMDI/DATA/Incoming/trendy/gcb2024/LAND/OUTPUT/ELM/S3/E3SM_S3_gpp.nc
161,ELM,S3,cSoil,/Net/Groups/BGI/data/DataStructureMDI/DATA/Incoming/trendy/gcb2024/LAND/OUTPUT/ELM/S3/E3SM_S3_cSoil.nc
162,ELM,S3,rh,/Net/Groups/BGI/data/DataStructureMDI/DATA/Incoming/trendy/gcb2024/LAND/OUTPUT/ELM/S3/E3SM_S3_rh.nc
163,ELM,S3,mrso,/Net/Groups/BGI/data/DataStructureMDI/DATA/Incoming/trendy/gcb2024/LAND/OUTPUT/ELM/S3/E3SM_S3_mrso.nc
164,ELM,S3,cLitter,/Net/Groups/BGI/data/DataStructureMDI/DATA/Incoming/trendy/gcb2024/LAND/OUTPUT/ELM/S3/E3SM_S3_cLitter.nc
165,ELM,S3,fLuc,/Net/Groups/BGI/data/DataStructureMDI/DATA/Incoming/trendy/gcb2024/LAND/OUTPUT/ELM/S3/E3SM_S3_fLuc.nc
166,ELM,S3,fFire,/Net/Groups/BGI/data/DataStructureMDI/DATA/Incoming/trendy/gcb2024/LAND/OUTPUT/ELM/S3/E3SM_S3_fFire.nc
167,ELM,S3,npp,/Net/Groups/BGI/data/DataStructureMDI/DATA/Incoming/trendy/gcb2024/LAND/OUTPUT/ELM/S3/E3SM_S3_npp.nc
168,JSBACH,S0,mrro,/Net/Groups/BGI/data/DataStructureMDI/DATA/Incoming/trendy/gcb2024/LAND/OUTPUT/JSBACH/S0/JSBACH_S0_mrro.nc
169,JSBACH,S0,evapotrans,/Net/Groups/BGI/data/DataStructureMDI/DATA/Incoming/trendy/gcb2024/LAND/OUTPUT/JSBACH/S0/JSBACH_S0_evapotrans.nc
170,JSBACH,S0,cVeg,/Net/Groups/BGI/data/DataStructureMDI/DATA/Incoming/trendy/gcb2024/LAND/OUTPUT/JSBACH/S0/JSBACH_S0_cVeg.nc
171,JSBACH,S0,lai,/Net/Groups/BGI/data/DataStructureMDI/DATA/Incoming/trendy/gcb2024/LAND/OUTPUT/JSBACH/S0/JSBACH_S0_lai.nc
172,JSBACH,S0,nbp,/Net/Groups/BGI/data/DataStructureMDI/DATA/Incoming/trendy/gcb2024/LAND/OUTPUT/JSBACH/S0/JSBACH_S0_nbp.nc
173,JSBACH,S0,ra,/Net/Groups/BGI/data/DataStructureMDI/DATA/Incoming/trendy/gcb2024/LAND/OUTPUT/JSBACH/S0/JSBACH_S0_ra.nc
174,JSBACH,S0,gpp,/Net/Groups/BGI/data/DataStructureMDI/DATA/Incoming/trendy/gcb2024/LAND/OUTPUT/JSBACH/S0/JSBACH_S0_gpp.nc
175,JSBACH,S0,cSoil,/Net/Groups/BGI/data/DataStructureMDI/DATA/Incoming/trendy/gcb2024/LAND/OUTPUT/JSBACH/S0/JSBACH_S0_cSoil.nc
176,JSBACH,S0,rh,/Net/Groups/BGI/data/DataStructureMDI/DATA/Incoming/trendy/gcb2024/LAND/OUTPUT/JSBACH/S0/JSBACH_S0_rh.nc
177,JSBACH,S0,mrso,/Net/Groups/BGI/data/DataStructureMDI/DATA/Incoming/trendy/gcb2024/LAND/OUTPUT/JSBACH/S0/JSBACH_S0_mrso.nc
178,JSBACH,S0,cLitter,/Net/Groups/BGI/data/DataStructureMDI/DATA/Incoming/trendy/gcb2024/LAND/OUTPUT/JSBACH/S0/JSBACH_S0_cLitter.nc
179,JSBACH,S0,fLuc,/Net/Groups/BGI/data/DataStructureMDI/DATA/Incoming/trendy/gcb2024/LAND/OUTPUT/JSBACH/S0/JSBACH_S0_fLuc.nc
180,JSBACH,S0,fFire,/Net/Groups/BGI/data/DataStructureMDI/DATA/Incoming/trendy/gcb2024/LAND/OUTPUT/JSBACH/S0/JSBACH_S0_fFire.nc
181,JSBACH,S0,npp,/Net/Groups/BGI/data/DataStructureMDI/DATA/Incoming/trendy/gcb2024/LAND/OUTPUT/JSBACH/S0/JSBACH_S0_npp.nc
182,JSBACH,S1,mrro,/Net/Groups/BGI/data/DataStructureMDI/DATA/Incoming/trendy/gcb2024/LAND/OUTPUT/JSBACH/S1/JSBACH_S1_mrro.nc
183,JSBACH,S1,evapotrans,/Net/Groups/BGI/data/DataStructureMDI/DATA/Incoming/trendy/gcb2024/LAND/OUTPUT/JSBACH/S1/JSBACH_S1_evapotrans.nc
184,JSBACH,S1,cVeg,/Net/Groups/BGI/data/DataStructureMDI/DATA/Incoming/trendy/gcb2024/LAND/OUTPUT/JSBACH/S1/JSBACH_S1_cVeg.nc
185,JSBACH,S1,lai,/Net/Groups/BGI/data/DataStructureMDI/DATA/Incoming/trendy/gcb2024/LAND/OUTPUT/JSBACH/S1/JSBACH_S1_lai.nc
186,JSBACH,S1,nbp,/Net/Groups/BGI/data/DataStructureMDI/DATA/Incoming/trendy/gcb2024/LAND/OUTPUT/JSBACH/S1/JSBACH_S1_nbp.nc
187,JSBACH,S1,ra,/Net/Groups/BGI/data/DataStructureMDI/DATA/Incoming/trendy/gcb2024/LAND/OUTPUT/JSBACH/S1/JSBACH_S1_ra.nc
188,JSBACH,S1,gpp,/Net/Groups/BGI/data/DataStructureMDI/DATA/Incoming/trendy/gcb2024/LAND/OUTPUT/JSBACH/S1/JSBACH_S1_gpp.nc
189,JSBACH,S1,cSoil,/Net/Groups/BGI/data/DataStructureMDI/DATA/Incoming/trendy/gcb2024/LAND/OUTPUT/JSBACH/S1/JSBACH_S1_cSoil.nc
190,JSBACH,S1,rh,/Net/Groups/BGI/data/DataStructureMDI/DATA/Incoming/trendy/gcb2024/LAND/OUTPUT/JSBACH/S1/JSBACH_S1_rh.nc
191,JSBACH,S1,mrso,/Net/Groups/BGI/data/DataStructureMDI/DATA/Incoming/trendy/gcb2024/LAND/OUTPUT/JSBACH/S1/JSBACH_S1_mrso.nc
192,JSBACH,S1,cLitter,/Net/Groups/BGI/data/DataStructureMDI/DATA/Incoming/trendy/gcb2024/LAND/OUTPUT/JSBACH/S1/JSBACH_S1_cLitter.nc
193,JSBACH,S1,fLuc,/Net/Groups/BGI/data/DataStructureMDI/DATA/Incoming/trendy/gcb2024/LAND/OUTPUT/JSBACH/S1/JSBACH_S1_fLuc.nc
194,JSBACH,S1,fFire,/Net/Groups/BGI/data/DataStructureMDI/DATA/Incoming/trendy/gcb2024/LAND/OUTPUT/JSBACH/S1/JSBACH_S1_fFire.nc
195,JSBACH,S1,npp,/Net/Groups/BGI/data/DataStructureMDI/DATA/Incoming/trendy/gcb2024/LAND/OUTPUT/JSBACH/S1/JSBACH_S1_npp.nc
196,JSBACH,S2,mrro,/Net/Groups/BGI/data/DataStructureMDI/DATA/Incoming/trendy/gcb2024/LAND/OUTPUT/JSBACH/S2/JSBACH_S2_mrro.nc
197,JSBACH,S2,evapotrans,/Net/Groups/BGI/data/DataStructureMDI/DATA/Incoming/trendy/gcb2024/LAND/OUTPUT/JSBACH/S2/JSBACH_S2_evapotrans.nc
198,JSBACH,S2,cVeg,/Net/Groups/BGI/data/DataStructureMDI/DATA/Incoming/trendy/gcb2024/LAND/OUTPUT/JSBACH/S2/JSBACH_S2_cVeg.nc
199,JSBACH,S2,lai,/Net/Groups/BGI/data/DataStructureMDI/DATA/Incoming/trendy/gcb2024/LAND/OUTPUT/JSBACH/S2/JSBACH_S2_lai.nc
200,JSBACH,S2,nbp,/Net/Groups/BGI/data/DataStructureMDI/DATA/Incoming/trendy/gcb2024/LAND/OUTPUT/JSBACH/S2/JSBACH_S2_nbp.nc
201,JSBACH,S2,ra,/Net/Groups/BGI/data/DataStructureMDI/DATA/Incoming/trendy/gcb2024/LAND/OUTPUT/JSBACH/S2/JSBACH_S2_ra.nc
202,JSBACH,S2,gpp,/Net/Groups/BGI/data/DataStructureMDI/DATA/Incoming/trendy/gcb2024/LAND/OUTPUT/JSBACH/S2/JSBACH_S2_gpp.nc
203,JSBACH,S2,cSoil,/Net/Groups/BGI/data/DataStructureMDI/DATA/Incoming/trendy/gcb2024/LAND/OUTPUT/JSBACH/S2/JSBACH_S2_cSoil.nc
204,JSBACH,S2,rh,/Net/Groups/BGI/data/DataStructureMDI/DATA/Incoming/trendy/gcb2024/LAND/OUTPUT/JSBACH/S2/JSBACH_S2_rh.nc
205,JSBACH,S2,mrso,/Net/Groups/BGI/data/DataStructureMDI/DATA/Incoming/trendy/gcb2024/LAND/OUTPUT/JSBACH/S2/JSBACH_S2_mrso.nc
206,JSBACH,S2,cLitter,/Net/Groups/BGI/data/DataStructureMDI/DATA/Incoming/trendy/gcb2024/LAND/OUTPUT/JSBACH/S2/JSBACH_S2_cLitter.nc
207,JSBACH,S2,fLuc,/Net/Groups/BGI/data/DataStructureMDI/DATA/Incoming/trendy/gcb2024/LAND/OUTPUT/JSBACH/S2/JSBACH_S2_fLuc.nc
208,JSBACH,S2,fFire,/Net/Groups/BGI/data/DataStructureMDI/DATA/Incoming/trendy/gcb2024/LAND/OUTPUT/JSBACH/S2/JSBACH_S2_fFire.nc
209,JSBACH,S2,npp,/Net/Groups/BGI/data/DataStructureMDI/DATA/Incoming/trendy/gcb2024/LAND/OUTPUT/JSBACH/S2/JSBACH_S2_npp.nc
210,JSBACH,S3,mrro,/Net/Groups/BGI/data/DataStructureMDI/DATA/Incoming/trendy/gcb2024/LAND/OUTPUT/JSBACH/S3/JSBACH_S3_mrro.nc
211,JSBACH,S3,evapotrans,/Net/Groups/BGI/data/DataStructureMDI/DATA/Incoming/trendy/gcb2024/LAND/OUTPUT/JSBACH/S3/JSBACH_S3_evapotrans.nc
212,JSBACH,S3,cVeg,/Net/Groups/BGI/data/DataStructureMDI/DATA/Incoming/trendy/gcb2024/LAND/OUTPUT/JSBACH/S3/JSBACH_S3_cVeg.nc
213,JSBACH,S3,lai,/Net/Groups/BGI/data/DataStructureMDI/DATA/Incoming/trendy/gcb2024/LAND/OUTPUT/JSBACH/S3/JSBACH_S3_lai.nc
214,JSBACH,S3,nbp,/Net/Groups/BGI/data/DataStructureMDI/DATA/Incoming/trendy/gcb2024/LAND/OUTPUT/JSBACH/S3/JSBACH_S3_nbp.nc
215,JSBACH,S3,ra,/Net/Groups/BGI/data/DataStructureMDI/DATA/Incoming/trendy/gcb2024/LAND/OUTPUT/JSBACH/S3/JSBACH_S3_ra.nc
216,JSBACH,S3,gpp,/Net/Groups/BGI/data/DataStructureMDI/DATA/Incoming/trendy/gcb2024/LAND/OUTPUT/JSBACH/S3/JSBACH_S3_gpp.nc
217,JSBACH,S3,cSoil,/Net/Groups/BGI/data/DataStructureMDI/DATA/Incoming/trendy/gcb2024/LAND/OUTPUT/JSBACH/S3/JSBACH_S3_cSoil.nc
218,JSBACH,S3,rh,/Net/Groups/BGI/data/DataStructureMDI/DATA/Incoming/trendy/gcb2024/LAND/OUTPUT/JSBACH/S3/JSBACH_S3_rh.nc
219,JSBACH,S3,mrso,/Net/Groups/BGI/data/DataStructureMDI/DATA/Incoming/trendy/gcb2024/LAND/OUTPUT/JSBACH/S3/JSBACH_S3_mrso.nc
220,JSBACH,S3,cLitter,/Net/Groups/BGI/data/DataStructureMDI/DATA/Incoming/trendy/gcb2024/LAND/OUTPUT/JSBACH/S3/JSBACH_S3_cLitter.nc
221,JSBACH,S3,fLuc,/Net/Groups/BGI/data/DataStructureMDI/DATA/Incoming/trendy/gcb2024/LAND/OUTPUT/JSBACH/S3/JSBACH_S3_fLuc.nc
222,JSBACH,S3,fFire,/Net/Groups/BGI/data/DataStructureMDI/DATA/Incoming/trendy/gcb2024/LAND/OUTPUT/JSBACH/S3/JSBACH_S3_fFire.nc
223,JSBACH,S3,npp,/Net/Groups/BGI/data/DataStructureMDI/DATA/Incoming/trendy/gcb2024/LAND/OUTPUT/JSBACH/S3/JSBACH_S3_npp.nc
224,ORCHIDEE,S0,mrro,/Net/Groups/BGI/data/DataStructureMDI/DATA/Incoming/trendy/gcb2024/LAND/OUTPUT/ORCHIDEE/S0/ORCHIDEE_S0_mrro.nc
225,ORCHIDEE,S0,evapotrans,/Net/Groups/BGI/data/DataStructureMDI/DATA/Incoming/trendy/gcb2024/LAND/OUTPUT/ORCHIDEE/S0/ORCHIDEE_S0_evapotrans.nc
226,ORCHIDEE,S0,cVeg,/Net/Groups/BGI/data/DataStructureMDI/DATA/Incoming/trendy/gcb2024/LAND/OUTPUT/ORCHIDEE/S0/ORCHIDEE_S0_cVeg.nc
227,ORCHIDEE,S0,lai,/Net/Groups/BGI/data/DataStructureMDI/DATA/Incoming/trendy/gcb2024/LAND/OUTPUT/ORCHIDEE/S0/ORCHIDEE_S0_lai.nc
228,ORCHIDEE,S0,nbp,/Net/Groups/BGI/data/DataStructureMDI/DATA/Incoming/trendy/gcb2024/LAND/OUTPUT/ORCHIDEE/S0/ORCHIDEE_S0_nbp.nc
229,ORCHIDEE,S0,ra,/Net/Groups/BGI/data/DataStructureMDI/DATA/Incoming/trendy/gcb2024/LAND/OUTPUT/ORCHIDEE/S0/ORCHIDEE_S0_ra.nc
230,ORCHIDEE,S0,gpp,/Net/Groups/BGI/data/DataStructureMDI/DATA/Incoming/trendy/gcb2024/LAND/OUTPUT/ORCHIDEE/S0/ORCHIDEE_S0_gpp.nc
231,ORCHIDEE,S0,cSoil,/Net/Groups/BGI/data/DataStructureMDI/DATA/Incoming/trendy/gcb2024/LAND/OUTPUT/ORCHIDEE/S0/ORCHIDEE_S0_cSoil.nc
232,ORCHIDEE,S0,rh,/Net/Groups/BGI/data/DataStructureMDI/DATA/Incoming/trendy/gcb2024/LAND/OUTPUT/ORCHIDEE/S0/ORCHIDEE_S0_rh.nc
233,ORCHIDEE,S0,mrso,/Net/Groups/BGI/data/DataStructureMDI/DATA/Incoming/trendy/gcb2024/LAND/OUTPUT/ORCHIDEE/S0/ORCHIDEE_S0_mrso.nc
234,ORCHIDEE,S0,cLitter,/Net/Groups/BGI/data/DataStructureMDI/DATA/Incoming/trendy/gcb2024/LAND/OUTPUT/ORCHIDEE/S0/ORCHIDEE_S0_cLitter.nc
235,ORCHIDEE,S0,fLuc,/Net/Groups/BGI/data/DataStructureMDI/DATA/Incoming/trendy/gcb2024/LAND/OUTPUT/ORCHIDEE/S0/ORCHIDEE_S0_fLuc.nc
236,ORCHIDEE,S0,fFire,/Net/Groups/BGI/data/DataStructureMDI/DATA/Incoming/trendy/gcb2024/LAND/OUTPUT/ORCHIDEE/S0/ORCHIDEE_S0_fFire.nc
237,ORCHIDEE,S0,npp,/Net/Groups/BGI/data/DataStructureMDI/DATA/Incoming/trendy/gcb2024/LAND/OUTPUT/ORCHIDEE/S0/ORCHIDEE_S0_npp.nc
238,ORCHIDEE,S1,mrro,/Net/Groups/BGI/data/DataStructureMDI/DATA/Incoming/trendy/gcb2024/LAND/OUTPUT/ORCHIDEE/S1/ORCHIDEE_S1_mrro.nc
239,ORCHIDEE,S1,evapotrans,/Net/Groups/BGI/data/DataStructureMDI/DATA/Incoming/trendy/gcb2024/LAND/OUTPUT/ORCHIDEE/S1/ORCHIDEE_S1_evapotrans.nc
240,ORCHIDEE,S1,cVeg,/Net/Groups/BGI/data/DataStructureMDI/DATA/Incoming/trendy/gcb2024/LAND/OUTPUT/ORCHIDEE/S1/ORCHIDEE_S1_cVeg.nc
241,ORCHIDEE,S1,lai,/Net/Groups/BGI/data/DataStructureMDI/DATA/Incoming/trendy/gcb2024/LAND/OUTPUT/ORCHIDEE/S1/ORCHIDEE_S1_lai.nc
242,ORCHIDEE,S1,nbp,/Net/Groups/BGI/data/DataStructureMDI/DATA/Incoming/trendy/gcb2024/LAND/OUTPUT/ORCHIDEE/S1/ORCHIDEE_S1_nbp.nc
243,ORCHIDEE,S1,ra,/Net/Groups/BGI/data/DataStructureMDI/DATA/Incoming/trendy/gcb2024/LAND/OUTPUT/ORCHIDEE/S1/ORCHIDEE_S1_ra.nc
244,ORCHIDEE,S1,gpp,/Net/Groups/BGI/data/DataStructureMDI/DATA/Incoming/trendy/gcb2024/LAND/OUTPUT/ORCHIDEE/S1/ORCHIDEE_S1_gpp.nc
245,ORCHIDEE,S1,cSoil,/Net/Groups/BGI/data/DataStructureMDI/DATA/Incoming/trendy/gcb2024/LAND/OUTPUT/ORCHIDEE/S1/ORCHIDEE_S1_cSoil.nc
246,ORCHIDEE,S1,rh,/Net/Groups/BGI/data/DataStructureMDI/DATA/Incoming/trendy/gcb2024/LAND/OUTPUT/ORCHIDEE/S1/ORCHIDEE_S1_rh.nc
247,ORCHIDEE,S1,mrso,/Net/Groups/BGI/data/DataStructureMDI/DATA/Incoming/trendy/gcb2024/LAND/OUTPUT/ORCHIDEE/S1/ORCHIDEE_S1_mrso.nc
248,ORCHIDEE,S1,cLitter,/Net/Groups/BGI/data/DataStructureMDI/DATA/Incoming/trendy/gcb2024/LAND/OUTPUT/ORCHIDEE/S1/ORCHIDEE_S1_cLitter.nc
249,ORCHIDEE,S1,fLuc,/Net/Groups/BGI/data/DataStructureMDI/DATA/Incoming/trendy/gcb2024/LAND/OUTPUT/ORCHIDEE/S1/ORCHIDEE_S1_fLuc.nc
250,ORCHIDEE,S1,fFire,/Net/Groups/BGI/data/DataStructureMDI/DATA/Incoming/trendy/gcb2024/LAND/OUTPUT/ORCHIDEE/S1/ORCHIDEE_S1_fFire.nc
251,ORCHIDEE,S1,npp,/Net/Groups/BGI/data/DataStructureMDI/DATA/Incoming/trendy/gcb2024/LAND/OUTPUT/ORCHIDEE/S1/ORCHIDEE_S1_npp.nc
252,ORCHIDEE,S2,mrro,/Net/Groups/BGI/data/DataStructureMDI/DATA/Incoming/trendy/gcb2024/LAND/OUTPUT/ORCHIDEE/S2/ORCHIDEE_S2_mrro.nc
253,ORCHIDEE,S2,evapotrans,/Net/Groups/BGI/data/DataStructureMDI/DATA/Incoming/trendy/gcb2024/LAND/OUTPUT/ORCHIDEE/S2/ORCHIDEE_S2_evapotrans.nc
254,ORCHIDEE,S2,cVeg,/Net/Groups/BGI/data/DataStructureMDI/DATA/Incoming/trendy/gcb2024/LAND/OUTPUT/ORCHIDEE/S2/ORCHIDEE_S2_cVeg.nc
255,ORCHIDEE,S2,lai,/Net/Groups/BGI/data/DataStructureMDI/DATA/Incoming/trendy/gcb2024/LAND/OUTPUT/ORCHIDEE/S2/ORCHIDEE_S2_lai.nc
256,ORCHIDEE,S2,nbp,/Net/Groups/BGI/data/DataStructureMDI/DATA/Incoming/trendy/gcb2024/LAND/OUTPUT/ORCHIDEE/S2/ORCHIDEE_S2_nbp.nc
257,ORCHIDEE,S2,ra,/Net/Groups/BGI/data/DataStructureMDI/DATA/Incoming/trendy/gcb2024/LAND/OUTPUT/ORCHIDEE/S2/ORCHIDEE_S2_ra.nc
258,ORCHIDEE,S2,gpp,/Net/Groups/BGI/data/DataStructureMDI/DATA/Incoming/trendy/gcb2024/LAND/OUTPUT/ORCHIDEE/S2/ORCHIDEE_S2_gpp.nc
259,ORCHIDEE,S2,cSoil,/Net/Groups/BGI/data/DataStructureMDI/DATA/Incoming/trendy/gcb2024/LAND/OUTPUT/ORCHIDEE/S2/ORCHIDEE_S2_cSoil.nc
260,ORCHIDEE,S2,rh,/Net/Groups/BGI/data/DataStructureMDI/DATA/Incoming/trendy/gcb2024/LAND/OUTPUT/ORCHIDEE/S2/ORCHIDEE_S2_rh.nc
261,ORCHIDEE,S2,mrso,/Net/Groups/BGI/data/DataStructureMDI/DATA/Incoming/trendy/gcb2024/LAND/OUTPUT/ORCHIDEE/S2/ORCHIDEE_S2_mrso.nc
262,ORCHIDEE,S2,cLitter,/Net/Groups/BGI/data/DataStructureMDI/DATA/Incoming/trendy/gcb2024/LAND/OUTPUT/ORCHIDEE/S2/ORCHIDEE_S2_cLitter.nc
263,ORCHIDEE,S2,fLuc,/Net/Groups/BGI/data/DataStructureMDI/DATA/Incoming/trendy/gcb2024/LAND/OUTPUT/ORCHIDEE/S2/ORCHIDEE_S2_fLuc.nc
264,ORCHIDEE,S2,fFire,/Net/Groups/BGI/data/DataStructureMDI/DATA/Incoming/trendy/gcb2024/LAND/OUTPUT/ORCHIDEE/S2/ORCHIDEE_S2_fFire.nc
265,ORCHIDEE,S2,npp,/Net/Groups/BGI/data/DataStructureMDI/DATA/Incoming/trendy/gcb2024/LAND/OUTPUT/ORCHIDEE/S2/ORCHIDEE_S2_npp.nc
266,ORCHIDEE,S3,mrro,/Net/Groups/BGI/data/DataStructureMDI/DATA/Incoming/trendy/gcb2024/LAND/OUTPUT/ORCHIDEE/S3/ORCHIDEE_S3_mrro.nc
267,ORCHIDEE,S3,evapotrans,/Net/Groups/BGI/data/DataStructureMDI/DATA/Incoming/trendy/gcb2024/LAND/OUTPUT/ORCHIDEE/S3/ORCHIDEE_S3_evapotrans.nc
268,ORCHIDEE,S3,cVeg,/Net/Groups/BGI/data/DataStructureMDI/DATA/Incoming/trendy/gcb2024/LAND/OUTPUT/ORCHIDEE/S3/ORCHIDEE_S3_cVeg.nc
269,ORCHIDEE,S3,lai,/Net/Groups/BGI/data/DataStructureMDI/DATA/Incoming/trendy/gcb2024/LAND/OUTPUT/ORCHIDEE/S3/ORCHIDEE_S3_lai.nc
270,ORCHIDEE,S3,nbp,/Net/Groups/BGI/data/DataStructureMDI/DATA/Incoming/trendy/gcb2024/LAND/OUTPUT/ORCHIDEE/S3/ORCHIDEE_S3_nbp.nc
271,ORCHIDEE,S3,ra,/Net/Groups/BGI/data/DataStructureMDI/DATA/Incoming/trendy/gcb2024/LAND/OUTPUT/ORCHIDEE/S3/ORCHIDEE_S3_ra.nc
272,ORCHIDEE,S3,gpp,/Net/Groups/BGI/data/DataStructureMDI/DATA/Incoming/trendy/gcb2024/LAND/OUTPUT/ORCHIDEE/S3/ORCHIDEE_S3_gpp.nc
273,ORCHIDEE,S3,cSoil,/Net/Groups/BGI/data/DataStructureMDI/DATA/Incoming/trendy/gcb2024/LAND/OUTPUT/ORCHIDEE/S3/ORCHIDEE_S3_cSoil.nc
274,ORCHIDEE,S3,rh,/Net/Groups/BGI/data/DataStructureMDI/DATA/Incoming/trendy/gcb2024/LAND/OUTPUT/ORCHIDEE/S3/ORCHIDEE_S3_rh.nc
275,ORCHIDEE,S3,mrso,/Net/Groups/BGI/data/DataStructureMDI/DATA/Incoming/trendy/gcb2024/LAND/OUTPUT/ORCHIDEE/S3/ORCHIDEE_S3_mrso.nc
276,ORCHIDEE,S3,cLitter,/Net/Groups/BGI/data/DataStructureMDI/DATA/Incoming/trendy/gcb2024/LAND/OUTPUT/ORCHIDEE/S3/ORCHIDEE_S3_cLitter.nc
277,ORCHIDEE,S3,fLuc,/Net/Groups/BGI/data/DataStructureMDI/DATA/Incoming/trendy/gcb2024/LAND/OUTPUT/ORCHIDEE/S3/ORCHIDEE_S3_fLuc.nc
278,ORCHIDEE,S3,fFire,/Net/Groups/BGI/data/DataStructureMDI/DATA/Incoming/trendy/gcb2024/LAND/OUTPUT/ORCHIDEE/S3/ORCHIDEE_S3_fFire.nc
279,ORCHIDEE,S3,npp,/Net/Groups/BGI/data/DataStructureMDI/DATA/Incoming/trendy/gcb2024/LAND/OUTPUT/ORCHIDEE/S3/ORCHIDEE_S3_npp.nc
280,SDGVM,S0,mrro,/Net/Groups/BGI/data/DataStructureMDI/DATA/Incoming/trendy/gcb2024/LAND/OUTPUT/SDGVM/S0/SDGVM_S0_mrro.nc
281,SDGVM,S0,evapotrans,/Net/Groups/BGI/data/DataStructureMDI/DATA/Incoming/trendy/gcb2024/LAND/OUTPUT/SDGVM/S0/SDGVM_S0_evapotrans.nc
282,SDGVM,S0,cVeg,/Net/Groups/BGI/data/DataStructureMDI/DATA/Incoming/trendy/gcb2024/LAND/OUTPUT/SDGVM/S0/SDGVM_S0_cVeg.nc
283,SDGVM,S0,lai,/Net/Groups/BGI/data/DataStructureMDI/DATA/Incoming/trendy/gcb2024/LAND/OUTPUT/SDGVM/S0/SDGVM_S0_lai.nc
284,SDGVM,S0,nbp,/Net/Groups/BGI/data/DataStructureMDI/DATA/Incoming/trendy/gcb2024/LAND/OUTPUT/SDGVM/S0/SDGVM_S0_nbp.nc
285,SDGVM,S0,ra,/Net/Groups/BGI/data/DataStructureMDI/DATA/Incoming/trendy/gcb2024/LAND/OUTPUT/SDGVM/S0/SDGVM_S0_ra.nc
286,SDGVM,S0,gpp,/Net/Groups/BGI/data/DataStructureMDI/DATA/Incoming/trendy/gcb2024/LAND/OUTPUT/SDGVM/S0/SDGVM_S0_gpp.nc
287,SDGVM,S0,cSoil,/Net/Groups/BGI/data/DataStructureMDI/DATA/Incoming/trendy/gcb2024/LAND/OUTPUT/SDGVM/S0/SDGVM_S0_cSoil.nc
288,SDGVM,S0,rh,/Net/Groups/BGI/data/DataStructureMDI/DATA/Incoming/trendy/gcb2024/LAND/OUTPUT/SDGVM/S0/SDGVM_S0_rh.nc
289,SDGVM,S0,mrso,/Net/Groups/BGI/data/DataStructureMDI/DATA/Incoming/trendy/gcb2024/LAND/OUTPUT/SDGVM/S0/SDGVM_S0_mrso.nc
290,SDGVM,S0,cLitter,/Net/Groups/BGI/data/DataStructureMDI/DATA/Incoming/trendy/gcb2024/LAND/OUTPUT/SDGVM/S0/SDGVM_S0_cLitter.nc
291,SDGVM,S0,fLuc,/Net/Groups/BGI/data/DataStructureMDI/DATA/Incoming/trendy/gcb2024/LAND/OUTPUT/SDGVM/S0/SDGVM_S0_fLuc.nc
292,SDGVM,S0,fFire,/Net/Groups/BGI/data/DataStructureMDI/DATA/Incoming/trendy/gcb2024/LAND/OUTPUT/SDGVM/S0/SDGVM_S0_fFire.nc
293,SDGVM,S0,npp,/Net/Groups/BGI/data/DataStructureMDI/DATA/Incoming/trendy/gcb2024/LAND/OUTPUT/SDGVM/S0/SDGVM_S0_npp.nc
294,SDGVM,S1,mrro,/Net/Groups/BGI/data/DataStructureMDI/DATA/Incoming/trendy/gcb2024/LAND/OUTPUT/SDGVM/S1/SDGVM_S1_mrro.nc
295,SDGVM,S1,evapotrans,/Net/Groups/BGI/data/DataStructureMDI/DATA/Incoming/trendy/gcb2024/LAND/OUTPUT/SDGVM/S1/SDGVM_S1_evapotrans.nc
296,SDGVM,S1,cVeg,/Net/Groups/BGI/data/DataStructureMDI/DATA/Incoming/trendy/gcb2024/LAND/OUTPUT/SDGVM/S1/SDGVM_S1_cVeg.nc
297,SDGVM,S1,lai,/Net/Groups/BGI/data/DataStructureMDI/DATA/Incoming/trendy/gcb2024/LAND/OUTPUT/SDGVM/S1/SDGVM_S1_lai.nc
298,SDGVM,S1,nbp,/Net/Groups/BGI/data/DataStructureMDI/DATA/Incoming/trendy/gcb2024/LAND/OUTPUT/SDGVM/S1/SDGVM_S1_nbp.nc
299,SDGVM,S1,ra,/Net/Groups/BGI/data/DataStructureMDI/DATA/Incoming/trendy/gcb2024/LAND/OUTPUT/SDGVM/S1/SDGVM_S1_ra.nc
300,SDGVM,S1,gpp,/Net/Groups/BGI/data/DataStructureMDI/DATA/Incoming/trendy/gcb2024/LAND/OUTPUT/SDGVM/S1/SDGVM_S1_gpp.nc
301,SDGVM,S1,cSoil,/Net/Groups/BGI/data/DataStructureMDI/DATA/Incoming/trendy/gcb2024/LAND/OUTPUT/SDGVM/S1/SDGVM_S1_cSoil.nc
302,SDGVM,S1,rh,/Net/Groups/BGI/data/DataStructureMDI/DATA/Incoming/trendy/gcb2024/LAND/OUTPUT/SDGVM/S1/SDGVM_S1_rh.nc
303,SDGVM,S1,mrso,/Net/Groups/BGI/data/DataStructureMDI/DATA/Incoming/trendy/gcb2024/LAND/OUTPUT/SDGVM/S1/SDGVM_S1_mrso.nc
304,SDGVM,S1,cLitter,/Net/Groups/BGI/data/DataStructureMDI/DATA/Incoming/trendy/gcb2024/LAND/OUTPUT/SDGVM/S1/SDGVM_S1_cLitter.nc
305,SDGVM,S1,fLuc,/Net/Groups/BGI/data/DataStructureMDI/DATA/Incoming/trendy/gcb2024/LAND/OUTPUT/SDGVM/S1/SDGVM_S1_fLuc.nc
306,SDGVM,S1,fFire,/Net/Groups/BGI/data/DataStructureMDI/DATA/Incoming/trendy/gcb2024/LAND/OUTPUT/SDGVM/S1/SDGVM_S1_fFire.nc
307,SDGVM,S1,npp,/Net/Groups/BGI/data/DataStructureMDI/DATA/Incoming/trendy/gcb2024/LAND/OUTPUT/SDGVM/S1/SDGVM_S1_npp.nc
308,SDGVM,S2,mrro,/Net/Groups/BGI/data/DataStructureMDI/DATA/Incoming/trendy/gcb2024/LAND/OUTPUT/SDGVM/S2/SDGVM_S2_mrro.nc
309,SDGVM,S2,evapotrans,/Net/Groups/BGI/data/DataStructureMDI/DATA/Incoming/trendy/gcb2024/LAND/OUTPUT/SDGVM/S2/SDGVM_S2_evapotrans.nc
310,SDGVM,S2,cVeg,/Net/Groups/BGI/data/DataStructureMDI/DATA/Incoming/trendy/gcb2024/LAND/OUTPUT/SDGVM/S2/SDGVM_S2_cVeg.nc
311,SDGVM,S2,lai,/Net/Groups/BGI/data/DataStructureMDI/DATA/Incoming/trendy/gcb2024/LAND/OUTPUT/SDGVM/S2/SDGVM_S2_lai.nc
312,SDGVM,S2,nbp,/Net/Groups/BGI/data/DataStructureMDI/DATA/Incoming/trendy/gcb2024/LAND/OUTPUT/SDGVM/S2/SDGVM_S2_nbp.nc
313,SDGVM,S2,ra,/Net/Groups/BGI/data/DataStructureMDI/DATA/Incoming/trendy/gcb2024/LAND/OUTPUT/SDGVM/S2/SDGVM_S2_ra.nc
314,SDGVM,S2,gpp,/Net/Groups/BGI/data/DataStructureMDI/DATA/Incoming/trendy/gcb2024/LAND/OUTPUT/SDGVM/S2/SDGVM_S2_gpp.nc
315,SDGVM,S2,cSoil,/Net/Groups/BGI/data/DataStructureMDI/DATA/Incoming/trendy/gcb2024/LAND/OUTPUT/SDGVM/S2/SDGVM_S2_cSoil.nc
316,SDGVM,S2,rh,/Net/Groups/BGI/data/DataStructureMDI/DATA/Incoming/trendy/gcb2024/LAND/OUTPUT/SDGVM/S2/SDGVM_S2_rh.nc
317,SDGVM,S2,mrso,/Net/Groups/BGI/data/DataStructureMDI/DATA/Incoming/trendy/gcb2024/LAND/OUTPUT/SDGVM/S2/SDGVM_S2_mrso.nc
318,SDGVM,S2,cLitter,/Net/Groups/BGI/data/DataStructureMDI/DATA/Incoming/trendy/gcb2024/LAND/OUTPUT/SDGVM/S2/SDGVM_S2_cLitter.nc
319,SDGVM,S2,fLuc,/Net/Groups/BGI/data/DataStructureMDI/DATA/Incoming/trendy/gcb2024/LAND/OUTPUT/SDGVM/S2/SDGVM_S2_fLuc.nc
320,SDGVM,S2,fFire,/Net/Groups/BGI/data/DataStructureMDI/DATA/Incoming/trendy/gcb2024/LAND/OUTPUT/SDGVM/S2/SDGVM_S2_fFire.nc
321,SDGVM,S2,npp,/Net/Groups/BGI/data/DataStructureMDI/DATA/Incoming/trendy/gcb2024/LAND/OUTPUT/SDGVM/S2/SDGVM_S2_npp.nc
322,SDGVM,S3,mrro,/Net/Groups/BGI/data/DataStructureMDI/DATA/Incoming/trendy/gcb2024/LAND/OUTPUT/SDGVM/S3/SDGVM_S3_mrro.nc
323,SDGVM,S3,evapotrans,/Net/Groups/BGI/data/DataStructureMDI/DATA/Incoming/trendy/gcb2024/LAND/OUTPUT/SDGVM/S3/SDGVM_S3_evapotrans.nc
324,SDGVM,S3,cVeg,/Net/Groups/BGI/data/DataStructureMDI/DATA/Incoming/trendy/gcb2024/LAND/OUTPUT/SDGVM/S3/SDGVM_S3_cVeg.nc
325,SDGVM,S3,lai,/Net/Groups/BGI/data/DataStructureMDI/DATA/Incoming/trendy/gcb2024/LAND/OUTPUT/SDGVM/S3/SDGVM_S3_lai.nc
326,SDGVM,S3,nbp,/Net/Groups/BGI/data/DataStructureMDI/DATA/Incoming/trendy/gcb2024/LAND/OUTPUT/SDGVM/S3/SDGVM_S3_nbp.nc
327,SDGVM,S3,ra,/Net/Groups/BGI/data/DataStructureMDI/DATA/Incoming/trendy/gcb2024/LAND/OUTPUT/SDGVM/S3/SDGVM_S3_ra.nc
328,SDGVM,S3,gpp,/Net/Groups/BGI/data/DataStructureMDI/DATA/Incoming/trendy/gcb2024/LAND/OUTPUT/SDGVM/S3/SDGVM_S3_gpp.nc
329,SDGVM,S3,cSoil,/Net/Groups/BGI/data/DataStructureMDI/DATA/Incoming/trendy/gcb2024/LAND/OUTPUT/SDGVM/S3/SDGVM_S3_cSoil.nc
330,SDGVM,S3,rh,/Net/Groups/BGI/data/DataStructureMDI/DATA/Incoming/trendy/gcb2024/LAND/OUTPUT/SDGVM/S3/SDGVM_S3_rh.nc
331,SDGVM,S3,mrso,/Net/Groups/BGI/data/DataStructureMDI/DATA/Incoming/trendy/gcb2024/LAND/OUTPUT/SDGVM/S3/SDGVM_S3_mrso.nc
332,SDGVM,S3,cLitter,/Net/Groups/BGI/data/DataStructureMDI/DATA/Incoming/trendy/gcb2024/LAND/OUTPUT/SDGVM/S3/SDGVM_S3_cLitter.nc
333,SDGVM,S3,fLuc,/Net/Groups/BGI/data/DataStructureMDI/DATA/Incoming/trendy/gcb2024/LAND/OUTPUT/SDGVM/S3/SDGVM_S3_fLuc.nc
334,SDGVM,S3,fFire,/Net/Groups/BGI/data/DataStructureMDI/DATA/Incoming/trendy/gcb2024/LAND/OUTPUT/SDGVM/S3/SDGVM_S3_fFire.nc
335,SDGVM,S3,npp,/Net/Groups/BGI/data/DataStructureMDI/DATA/Incoming/trendy/gcb2024/LAND/OUTPUT/SDGVM/S3/SDGVM_S3_npp.nc
336,VISIT,S0,mrro,/Net/Groups/BGI/data/DataStructureMDI/DATA/Incoming/trendy/gcb2024/LAND/OUTPUT/VISIT/S0/VISIT_S0_mrro.nc
337,VISIT,S0,evapotrans,/Net/Groups/BGI/data/DataStructureMDI/DATA/Incoming/trendy/gcb2024/LAND/OUTPUT/VISIT/S0/VISIT_S0_evapotrans.nc
338,VISIT,S0,cVeg,/Net/Groups/BGI/data/DataStructureMDI/DATA/Incoming/trendy/gcb2024/LAND/OUTPUT/VISIT/S0/VISIT_S0_cVeg.nc
339,VISIT,S0,lai,/Net/Groups/BGI/data/DataStructureMDI/DATA/Incoming/trendy/gcb2024/LAND/OUTPUT/VISIT/S0/VISIT_S0_lai.nc
340,VISIT,S0,nbp,/Net/Groups/BGI/data/DataStructureMDI/DATA/Incoming/trendy/gcb2024/LAND/OUTPUT/VISIT/S0/VISIT_S0_nbp.nc
341,VISIT,S0,ra,/Net/Groups/BGI/data/DataStructureMDI/DATA/Incoming/trendy/gcb2024/LAND/OUTPUT/VISIT/S0/VISIT_S0_ra.nc
342,VISIT,S0,gpp,/Net/Groups/BGI/data/DataStructureMDI/DATA/Incoming/trendy/gcb2024/LAND/OUTPUT/VISIT/S0/VISIT_S0_gpp.nc
343,VISIT,S0,cSoil,/Net/Groups/BGI/data/DataStructureMDI/DATA/Incoming/trendy/gcb2024/LAND/OUTPUT/VISIT/S0/VISIT_S0_cSoil.nc
344,VISIT,S0,rh,/Net/Groups/BGI/data/DataStructureMDI/DATA/Incoming/trendy/gcb2024/LAND/OUTPUT/VISIT/S0/VISIT_S0_rh.nc
345,VISIT,S0,mrso,/Net/Groups/BGI/data/DataStructureMDI/DATA/Incoming/trendy/gcb2024/LAND/OUTPUT/VISIT/S0/VISIT_S0_mrso.nc
346,VISIT,S0,cLitter,/Net/Groups/BGI/data/DataStructureMDI/DATA/Incoming/trendy/gcb2024/LAND/OUTPUT/VISIT/S0/VISIT_S0_cLitter.nc
347,VISIT,S0,fLuc,/Net/Groups/BGI/data/DataStructureMDI/DATA/Incoming/trendy/gcb2024/LAND/OUTPUT/VISIT/S0/VISIT_S0_fLuc.nc
348,VISIT,S0,fFire,/Net/Groups/BGI/data/DataStructureMDI/DATA/Incoming/trendy/gcb2024/LAND/OUTPUT/VISIT/S0/VISIT_S0_fFire.nc
349,VISIT,S0,npp,
350,VISIT,S1,mrro,/Net/Groups/BGI/data/DataStructureMDI/DATA/Incoming/trendy/gcb2024/LAND/OUTPUT/VISIT/S1/VISIT_S1_mrro.nc
351,VISIT,S1,evapotrans,/Net/Groups/BGI/data/DataStructureMDI/DATA/Incoming/trendy/gcb2024/LAND/OUTPUT/VISIT/S1/VISIT_S1_evapotrans.nc
352,VISIT,S1,cVeg,/Net/Groups/BGI/data/DataStructureMDI/DATA/Incoming/trendy/gcb2024/LAND/OUTPUT/VISIT/S1/VISIT_S1_cVeg.nc
353,VISIT,S1,lai,/Net/Groups/BGI/data/DataStructureMDI/DATA/Incoming/trendy/gcb2024/LAND/OUTPUT/VISIT/S1/VISIT_S1_lai.nc
354,VISIT,S1,nbp,/Net/Groups/BGI/data/DataStructureMDI/DATA/Incoming/trendy/gcb2024/LAND/OUTPUT/VISIT/S1/VISIT_S1_nbp.nc
355,VISIT,S1,ra,/Net/Groups/BGI/data/DataStructureMDI/DATA/Incoming/trendy/gcb2024/LAND/OUTPUT/VISIT/S1/VISIT_S1_ra.nc
356,VISIT,S1,gpp,/Net/Groups/BGI/data/DataStructureMDI/DATA/Incoming/trendy/gcb2024/LAND/OUTPUT/VISIT/S1/VISIT_S1_gpp.nc
357,VISIT,S1,cSoil,/Net/Groups/BGI/data/DataStructureMDI/DATA/Incoming/trendy/gcb2024/LAND/OUTPUT/VISIT/S1/VISIT_S1_cSoil.nc
358,VISIT,S1,rh,/Net/Groups/BGI/data/DataStructureMDI/DATA/Incoming/trendy/gcb2024/LAND/OUTPUT/VISIT/S1/VISIT_S1_rh.nc
359,VISIT,S1,mrso,/Net/Groups/BGI/data/DataStructureMDI/DATA/Incoming/trendy/gcb2024/LAND/OUTPUT/VISIT/S1/VISIT_S1_mrso.nc
360,VISIT,S1,cLitter,/Net/Groups/BGI/data/DataStructureMDI/DATA/Incoming/trendy/gcb2024/LAND/OUTPUT/VISIT/S1/VISIT_S1_cLitter.nc
361,VISIT,S1,fLuc,/Net/Groups/BGI/data/DataStructureMDI/DATA/Incoming/trendy/gcb2024/LAND/OUTPUT/VISIT/S1/VISIT_S1_fLuc.nc
362,VISIT,S1,fFire,/Net/Groups/BGI/data/DataStructureMDI/DATA/Incoming/trendy/gcb2024/LAND/OUTPUT/VISIT/S1/VISIT_S1_fFire.nc
363,VISIT,S1,npp,
364,VISIT,S2,mrro,/Net/Groups/BGI/data/DataStructureMDI/DATA/Incoming/trendy/gcb2024/LAND/OUTPUT/VISIT/S2/VISIT_S2_mrro.nc
365,VISIT,S2,evapotrans,/Net/Groups/BGI/data/DataStructureMDI/DATA/Incoming/trendy/gcb2024/LAND/OUTPUT/VISIT/S2/VISIT_S2_evapotrans.nc
366,VISIT,S2,cVeg,/Net/Groups/BGI/data/DataStructureMDI/DATA/Incoming/trendy/gcb2024/LAND/OUTPUT/VISIT/S2/VISIT_S2_cVeg.nc
367,VISIT,S2,lai,/Net/Groups/BGI/data/DataStructureMDI/DATA/Incoming/trendy/gcb2024/LAND/OUTPUT/VISIT/S2/VISIT_S2_lai.nc
368,VISIT,S2,nbp,/Net/Groups/BGI/data/DataStructureMDI/DATA/Incoming/trendy/gcb2024/LAND/OUTPUT/VISIT/S2/VISIT_S2_nbp.nc
369,VISIT,S2,ra,/Net/Groups/BGI/data/DataStructureMDI/DATA/Incoming/trendy/gcb2024/LAND/OUTPUT/VISIT/S2/VISIT_S2_ra.nc
370,VISIT,S2,gpp,/Net/Groups/BGI/data/DataStructureMDI/DATA/Incoming/trendy/gcb2024/LAND/OUTPUT/VISIT/S2/VISIT_S2_gpp.nc
371,VISIT,S2,cSoil,/Net/Groups/BGI/data/DataStructureMDI/DATA/Incoming/trendy/gcb2024/LAND/OUTPUT/VISIT/S2/VISIT_S2_cSoil.nc
372,VISIT,S2,rh,/Net/Groups/BGI/data/DataStructureMDI/DATA/Incoming/trendy/gcb2024/LAND/OUTPUT/VISIT/S2/VISIT_S2_rh.nc
373,VISIT,S2,mrso,/Net/Groups/BGI/data/DataStructureMDI/DATA/Incoming/trendy/gcb2024/LAND/OUTPUT/VISIT/S2/VISIT_S2_mrso.nc
374,VISIT,S2,cLitter,/Net/Groups/BGI/data/DataStructureMDI/DATA/Incoming/trendy/gcb2024/LAND/OUTPUT/VISIT/S2/VISIT_S2_cLitter.nc
375,VISIT,S2,fLuc,/Net/Groups/BGI/data/DataStructureMDI/DATA/Incoming/trendy/gcb2024/LAND/OUTPUT/VISIT/S2/VISIT_S2_fLuc.nc
376,VISIT,S2,fFire,/Net/Groups/BGI/data/DataStructureMDI/DATA/Incoming/trendy/gcb2024/LAND/OUTPUT/VISIT/S2/VISIT_S2_fFire.nc
377,VISIT,S2,npp,
378,VISIT,S3,mrro,/Net/Groups/BGI/data/DataStructureMDI/DATA/Incoming/trendy/gcb2024/LAND/OUTPUT/VISIT/S3/VISIT_S3_mrro.nc
379,VISIT,S3,evapotrans,/Net/Groups/BGI/data/DataStructureMDI/DATA/Incoming/trendy/gcb2024/LAND/OUTPUT/VISIT/S3/VISIT_S3_evapotrans.nc
380,VISIT,S3,cVeg,/Net/Groups/BGI/data/DataStructureMDI/DATA/Incoming/trendy/gcb2024/LAND/OUTPUT/VISIT/S3/VISIT_S3_cVeg.nc
381,VISIT,S3,lai,/Net/Groups/BGI/data/DataStructureMDI/DATA/Incoming/trendy/gcb2024/LAND/OUTPUT/VISIT/S3/VISIT_S3_lai.nc
382,VISIT,S3,nbp,/Net/Groups/BGI/data/DataStructureMDI/DATA/Incoming/trendy/gcb2024/LAND/OUTPUT/VISIT/S3/VISIT_S3_nbp.nc
383,VISIT,S3,ra,/Net/Groups/BGI/data/DataStructureMDI/DATA/Incoming/trendy/gcb2024/LAND/OUTPUT/VISIT/S3/VISIT_S3_ra.nc
384,VISIT,S3,gpp,/Net/Groups/BGI/data/DataStructureMDI/DATA/Incoming/trendy/gcb2024/LAND/OUTPUT/VISIT/S3/VISIT_S3_gpp.nc
385,VISIT,S3,cSoil,/Net/Groups/BGI/data/DataStructureMDI/DATA/Incoming/trendy/gcb2024/LAND/OUTPUT/VISIT/S3/VISIT_S3_cSoil.nc
386,VISIT,S3,rh,/Net/Groups/BGI/data/DataStructureMDI/DATA/Incoming/trendy/gcb2024/LAND/OUTPUT/VISIT/S3/VISIT_S3_rh.nc
387,VISIT,S3,mrso,/Net/Groups/BGI/data/DataStructureMDI/DATA/Incoming/trendy/gcb2024/LAND/OUTPUT/VISIT/S3/VISIT_S3_mrso.nc
388,VISIT,S3,cLitter,/Net/Groups/BGI/data/DataStructureMDI/DATA/Incoming/trendy/gcb2024/LAND/OUTPUT/VISIT/S3/VISIT_S3_cLitter.nc
389,VISIT,S3,fLuc,/Net/Groups/BGI/data/DataStructureMDI/DATA/Incoming/trendy/gcb2024/LAND/OUTPUT/VISIT/S3/VISIT_S3_fLuc.nc
390,VISIT,S3,fFire,/Net/Groups/BGI/data/DataStructureMDI/DATA/Incoming/trendy/gcb2024/LAND/OUTPUT/VISIT/S3/VISIT_S3_fFire.nc
391,VISIT,S3,npp,
392,VISIT-UT,S0,mrro,/Net/Groups/BGI/data/DataStructureMDI/DATA/Incoming/trendy/gcb2024/LAND/OUTPUT/VISIT-UT/S0/visit-ut_S0_mrro.nc
393,VISIT-UT,S0,evapotrans,/Net/Groups/BGI/data/DataStructureMDI/DATA/Incoming/trendy/gcb2024/LAND/OUTPUT/VISIT-UT/S0/visit-ut_S0_evapotrans.nc
394,VISIT-UT,S0,cVeg,/Net/Groups/BGI/data/DataStructureMDI/DATA/Incoming/trendy/gcb2024/LAND/OUTPUT/VISIT-UT/S0/visit-ut_S0_cVeg.nc
395,VISIT-UT,S0,lai,/Net/Groups/BGI/data/DataStructureMDI/DATA/Incoming/trendy/gcb2024/LAND/OUTPUT/VISIT-UT/S0/visit-ut_S0_lai.nc
396,VISIT-UT,S0,nbp,/Net/Groups/BGI/data/DataStructureMDI/DATA/Incoming/trendy/gcb2024/LAND/OUTPUT/VISIT-UT/S0/visit-ut_S0_nbp.nc
397,VISIT-UT,S0,ra,/Net/Groups/BGI/data/DataStructureMDI/DATA/Incoming/trendy/gcb2024/LAND/OUTPUT/VISIT-UT/S0/visit-ut_S0_ra.nc
398,VISIT-UT,S0,gpp,/Net/Groups/BGI/data/DataStructureMDI/DATA/Incoming/trendy/gcb2024/LAND/OUTPUT/VISIT-UT/S0/visit-ut_S0_gpp.nc
399,VISIT-UT,S0,cSoil,/Net/Groups/BGI/data/DataStructureMDI/DATA/Incoming/trendy/gcb2024/LAND/OUTPUT/VISIT-UT/S0/visit-ut_S0_cSoil.nc
400,VISIT-UT,S0,rh,/Net/Groups/BGI/data/DataStructureMDI/DATA/Incoming/trendy/gcb2024/LAND/OUTPUT/VISIT-UT/S0/visit-ut_S0_rh.nc
401,VISIT-UT,S0,mrso,/Net/Groups/BGI/data/DataStructureMDI/DATA/Incoming/trendy/gcb2024/LAND/OUTPUT/VISIT-UT/S0/visit-ut_S0_mrso.nc
402,VISIT-UT,S0,cLitter,/Net/Groups/BGI/data/DataStructureMDI/DATA/Incoming/trendy/gcb2024/LAND/OUTPUT/VISIT-UT/S0/visit-ut_S0_cLitter.nc
403,VISIT-UT,S0,fLuc,/Net/Groups/BGI/data/DataStructureMDI/DATA/Incoming/trendy/gcb2024/LAND/OUTPUT/VISIT-UT/S0/visit-ut_S0_fLuc.nc
404,VISIT-UT,S0,fFire,/Net/Groups/BGI/data/DataStructureMDI/DATA/Incoming/trendy/gcb2024/LAND/OUTPUT/VISIT-UT/S0/visit-ut_S0_fFire.nc
405,VISIT-UT,S0,npp,/Net/Groups/BGI/data/DataStructureMDI/DATA/Incoming/trendy/gcb2024/LAND/OUTPUT/VISIT-UT/S0/visit-ut_S0_npp.nc
406,VISIT-UT,S1,mrro,/Net/Groups/BGI/data/DataStructureMDI/DATA/Incoming/trendy/gcb2024/LAND/OUTPUT/VISIT-UT/S1/visit-ut_S1_mrro.nc
407,VISIT-UT,S1,evapotrans,/Net/Groups/BGI/data/DataStructureMDI/DATA/Incoming/trendy/gcb2024/LAND/OUTPUT/VISIT-UT/S1/visit-ut_S1_evapotrans.nc
408,VISIT-UT,S1,cVeg,/Net/Groups/BGI/data/DataStructureMDI/DATA/Incoming/trendy/gcb2024/LAND/OUTPUT/VISIT-UT/S1/visit-ut_S1_cVeg.nc
409,VISIT-UT,S1,lai,/Net/Groups/BGI/data/DataStructureMDI/DATA/Incoming/trendy/gcb2024/LAND/OUTPUT/VISIT-UT/S1/visit-ut_S1_lai.nc
410,VISIT-UT,S1,nbp,/Net/Groups/BGI/data/DataStructureMDI/DATA/Incoming/trendy/gcb2024/LAND/OUTPUT/VISIT-UT/S1/visit-ut_S1_nbp.nc
411,VISIT-UT,S1,ra,/Net/Groups/BGI/data/DataStructureMDI/DATA/Incoming/trendy/gcb2024/LAND/OUTPUT/VISIT-UT/S1/visit-ut_S1_ra.nc
412,VISIT-UT,S1,gpp,/Net/Groups/BGI/data/DataStructureMDI/DATA/Incoming/trendy/gcb2024/LAND/OUTPUT/VISIT-UT/S1/visit-ut_S1_gpp.nc
413,VISIT-UT,S1,cSoil,/Net/Groups/BGI/data/DataStructureMDI/DATA/Incoming/trendy/gcb2024/LAND/OUTPUT/VISIT-UT/S1/visit-ut_S1_cSoil.nc
414,VISIT-UT,S1,rh,/Net/Groups/BGI/data/DataStructureMDI/DATA/Incoming/trendy/gcb2024/LAND/OUTPUT/VISIT-UT/S1/visit-ut_S1_rh.nc
415,VISIT-UT,S1,mrso,/Net/Groups/BGI/data/DataStructureMDI/DATA/Incoming/trendy/gcb2024/LAND/OUTPUT/VISIT-UT/S1/visit-ut_S1_mrso.nc
416,VISIT-UT,S1,cLitter,/Net/Groups/BGI/data/DataStructureMDI/DATA/Incoming/trendy/gcb2024/LAND/OUTPUT/VISIT-UT/S1/visit-ut_S1_cLitter.nc
417,VISIT-UT,S1,fLuc,/Net/Groups/BGI/data/DataStructureMDI/DATA/Incoming/trendy/gcb2024/LAND/OUTPUT/VISIT-UT/S1/visit-ut_S1_fLuc.nc
418,VISIT-UT,S1,fFire,/Net/Groups/BGI/data/DataStructureMDI/DATA/Incoming/trendy/gcb2024/LAND/OUTPUT/VISIT-UT/S1/visit-ut_S1_fFire.nc
419,VISIT-UT,S1,npp,/Net/Groups/BGI/data/DataStructureMDI/DATA/Incoming/trendy/gcb2024/LAND/OUTPUT/VISIT-UT/S1/visit-ut_S1_npp.nc
420,VISIT-UT,S2,mrro,/Net/Groups/BGI/data/DataStructureMDI/DATA/Incoming/trendy/gcb2024/LAND/OUTPUT/VISIT-UT/S2/visit-ut_S2_mrro.nc
421,VISIT-UT,S2,evapotrans,/Net/Groups/BGI/data/DataStructureMDI/DATA/Incoming/trendy/gcb2024/LAND/OUTPUT/VISIT-UT/S2/visit-ut_S2_evapotrans.nc
422,VISIT-UT,S2,cVeg,/Net/Groups/BGI/data/DataStructureMDI/DATA/Incoming/trendy/gcb2024/LAND/OUTPUT/VISIT-UT/S2/visit-ut_S2_cVeg.nc
423,VISIT-UT,S2,lai,/Net/Groups/BGI/data/DataStructureMDI/DATA/Incoming/trendy/gcb2024/LAND/OUTPUT/VISIT-UT/S2/visit-ut_S2_lai.nc
424,VISIT-UT,S2,nbp,/Net/Groups/BGI/data/DataStructureMDI/DATA/Incoming/trendy/gcb2024/LAND/OUTPUT/VISIT-UT/S2/visit-ut_S2_nbp.nc
425,VISIT-UT,S2,ra,/Net/Groups/BGI/data/DataStructureMDI/DATA/Incoming/trendy/gcb2024/LAND/OUTPUT/VISIT-UT/S2/visit-ut_S2_ra.nc
426,VISIT-UT,S2,gpp,/Net/Groups/BGI/data/DataStructureMDI/DATA/Incoming/trendy/gcb2024/LAND/OUTPUT/VISIT-UT/S2/visit-ut_S2_gpp.nc
427,VISIT-UT,S2,cSoil,/Net/Groups/BGI/data/DataStructureMDI/DATA/Incoming/trendy/gcb2024/LAND/OUTPUT/VISIT-UT/S2/visit-ut_S2_cSoil.nc
428,VISIT-UT,S2,rh,/Net/Groups/BGI/data/DataStructureMDI/DATA/Incoming/trendy/gcb2024/LAND/OUTPUT/VISIT-UT/S2/visit-ut_S2_rh.nc
429,VISIT-UT,S2,mrso,/Net/Groups/BGI/data/DataStructureMDI/DATA/Incoming/trendy/gcb2024/LAND/OUTPUT/VISIT-UT/S2/visit-ut_S2_mrso.nc
430,VISIT-UT,S2,cLitter,/Net/Groups/BGI/data/DataStructureMDI/DATA/Incoming/trendy/gcb2024/LAND/OUTPUT/VISIT-UT/S2/visit-ut_S2_cLitter.nc
431,VISIT-UT,S2,fLuc,/Net/Groups/BGI/data/DataStructureMDI/DATA/Incoming/trendy/gcb2024/LAND/OUTPUT/VISIT-UT/S2/visit-ut_S2_fLuc.nc
432,VISIT-UT,S2,fFire,/Net/Groups/BGI/data/DataStructureMDI/DATA/Incoming/trendy/gcb2024/LAND/OUTPUT/VISIT-UT/S2/visit-ut_S2_fFire.nc
433,VISIT-UT,S2,npp,/Net/Groups/BGI/data/DataStructureMDI/DATA/Incoming/trendy/gcb2024/LAND/OUTPUT/VISIT-UT/S2/visit-ut_S2_npp.nc
434,VISIT-UT,S3,mrro,/Net/Groups/BGI/data/DataStructureMDI/DATA/Incoming/trendy/gcb2024/LAND/OUTPUT/VISIT-UT/S3/visit-ut_S3_mrro.nc
435,VISIT-UT,S3,evapotrans,/Net/Groups/BGI/data/DataStructureMDI/DATA/Incoming/trendy/gcb2024/LAND/OUTPUT/VISIT-UT/S3/visit-ut_S3_evapotrans.nc
436,VISIT-UT,S3,cVeg,/Net/Groups/BGI/data/DataStructureMDI/DATA/Incoming/trendy/gcb2024/LAND/OUTPUT/VISIT-UT/S3/visit-ut_S3_cVeg.nc
437,VISIT-UT,S3,lai,/Net/Groups/BGI/data/DataStructureMDI/DATA/Incoming/trendy/gcb2024/LAND/OUTPUT/VISIT-UT/S3/visit-ut_S3_lai.nc
438,VISIT-UT,S3,nbp,/Net/Groups/BGI/data/DataStructureMDI/DATA/Incoming/trendy/gcb2024/LAND/OUTPUT/VISIT-UT/S3/visit-ut_S3_nbp.nc
439,VISIT-UT,S3,ra,/Net/Groups/BGI/data/DataStructureMDI/DATA/Incoming/trendy/gcb2024/LAND/OUTPUT/VISIT-UT/S3/visit-ut_S3_ra.nc
440,VISIT-UT,S3,gpp,/Net/Groups/BGI/data/DataStructureMDI/DATA/Incoming/trendy/gcb2024/LAND/OUTPUT/VISIT-UT/S3/visit-ut_S3_gpp.nc
441,VISIT-UT,S3,cSoil,/Net/Groups/BGI/data/DataStructureMDI/DATA/Incoming/trendy/gcb2024/LAND/OUTPUT/VISIT-UT/S3/visit-ut_S3_cSoil.nc
442,VISIT-UT,S3,rh,/Net/Groups/BGI/data/DataStructureMDI/DATA/Incoming/trendy/gcb2024/LAND/OUTPUT/VISIT-UT/S3/visit-ut_S3_rh.nc
443,VISIT-UT,S3,mrso,/Net/Groups/BGI/data/DataStructureMDI/DATA/Incoming/trendy/gcb2024/LAND/OUTPUT/VISIT-UT/S3/visit-ut_S3_mrso.nc
444,VISIT-UT,S3,cLitter,/Net/Groups/BGI/data/DataStructureMDI/DATA/Incoming/trendy/gcb2024/LAND/OUTPUT/VISIT-UT/S3/visit-ut_S3_cLitter.nc
445,VISIT-UT,S3,fLuc,/Net/Groups/BGI/data/DataStructureMDI/DATA/Incoming/trendy/gcb2024/LAND/OUTPUT/VISIT-UT/S3/visit-ut_S3_fLuc.nc
446,VISIT-UT,S3,fFire,/Net/Groups/BGI/data/DataStructureMDI/DATA/Incoming/trendy/gcb2024/LAND/OUTPUT/VISIT-UT/S3/visit-ut_S3_fFire.nc
447,VISIT-UT,S3,npp,/Net/Groups/BGI/data/DataStructureMDI/DATA/Incoming/trendy/gcb2024/LAND/OUTPUT/VISIT-UT/S3/visit-ut_S3_npp.nc
